filename;temperature;adsorptionUnits;pressureUnits;compositionType;num_of_adsorbates;adsorbent_name;adsorbates_name;pressure;adsorbed_amount;composition
10.100215214125200211052511_1060aidceat1060_3.0.co_27.Isotherm3;303;mmol/g;bar;molefraction;1;Zeolite 5A;Hydrogen;1.28;0.0388;1.0
10.100215214125200211052511_1060aidceat1060_3.0.co_27.Isotherm3;303;mmol/g;bar;molefraction;1;Zeolite 5A;Hydrogen;11.2;0.317;1.0
10.100215214125200211052511_1060aidceat1060_3.0.co_27.Isotherm3;303;mmol/g;bar;molefraction;1;Zeolite 5A;Hydrogen;20.3;0.505;1.0
10.100215214125200211052511_1060aidceat1060_3.0.co_27.Isotherm3;303;mmol/g;bar;molefraction;1;Zeolite 5A;Hydrogen;30.8;0.693;1.0
10.100215214125200211052511_1060aidceat1060_3.0.co_27.Isotherm3;303;mmol/g;bar;molefraction;1;Zeolite 5A;Hydrogen;40.8;0.855;1.0
10.100215214125200211052511_1060aidceat1060_3.0.co_27.Isotherm3;303;mmol/g;bar;molefraction;1;Zeolite 5A;Hydrogen;50.6;1.02;1.0
10.100215214125200211052511_1060aidceat1060_3.0.co_27.Isotherm3;303;mmol/g;bar;molefraction;1;Zeolite 5A;Hydrogen;61;1.17;1.0
10.100215214125200211052511_1060aidceat1060_3.0.co_27.Isotherm4;303;mmol/g;bar;molefraction;1;Zeolite 5A;Carbon monoxide;1.13;1.35;1.0
10.100215214125200211052511_1060aidceat1060_3.0.co_27.Isotherm4;303;mmol/g;bar;molefraction;1;Zeolite 5A;Carbon monoxide;10;3.12;1.0
10.100215214125200211052511_1060aidceat1060_3.0.co_27.Isotherm4;303;mmol/g;bar;molefraction;1;Zeolite 5A;Carbon monoxide;20.2;3.61;1.0
10.100215214125200211052511_1060aidceat1060_3.0.co_27.Isotherm4;303;mmol/g;bar;molefraction;1;Zeolite 5A;Carbon monoxide;30.3;3.84;1.0
10.100215214125200211052511_1060aidceat1060_3.0.co_27.Isotherm4;303;mmol/g;bar;molefraction;1;Zeolite 5A;Carbon monoxide;40.4;4.02;1.0
10.100215214125200211052511_1060aidceat1060_3.0.co_27.Isotherm4;303;mmol/g;bar;molefraction;1;Zeolite 5A;Carbon monoxide;50.2;4.09;1.0
10.100215214125200211052511_1060aidceat1060_3.0.co_27.Isotherm4;303;mmol/g;bar;molefraction;1;Zeolite 5A;Carbon monoxide;60.9;4.15;1.0
10.1002adem.200500223.isotherm1;77;cm3(STP)/g;bar;molefraction;1;CuBTC;Hydrogen;0.0171192;20.6782;1.0
10.1002adem.200500223.isotherm1;77;cm3(STP)/g;bar;molefraction;1;CuBTC;Hydrogen;0.0586318;69.2916;1.0
10.1002adem.200500223.isotherm1;77;cm3(STP)/g;bar;molefraction;1;CuBTC;Hydrogen;0.102329;102.611;1.0
10.1002adem.200500223.isotherm1;77;cm3(STP)/g;bar;molefraction;1;CuBTC;Hydrogen;0.211573;143.577;1.0
10.1002adem.200500223.isotherm1;77;cm3(STP)/g;bar;molefraction;1;CuBTC;Hydrogen;0.303338;168.157;1.0
10.1002adem.200500223.isotherm1;77;cm3(STP)/g;bar;molefraction;1;CuBTC;Hydrogen;0.412581;188.367;1.0
10.1002adem.200500223.isotherm1;77;cm3(STP)/g;bar;molefraction;1;CuBTC;Hydrogen;0.499976;199.838;1.0
10.1002adem.200500223.isotherm1;77;cm3(STP)/g;bar;molefraction;1;CuBTC;Hydrogen;0.60485;212.947;1.0
10.1002adem.200500223.isotherm1;77;cm3(STP)/g;bar;molefraction;1;CuBTC;Hydrogen;0.705355;223.325;1.0
10.1002adem.200500223.isotherm1;77;cm3(STP)/g;bar;molefraction;1;CuBTC;Hydrogen;0.801489;230.972;1.0
10.1002adem.200500223.isotherm1;77;cm3(STP)/g;bar;molefraction;1;CuBTC;Hydrogen;0.901993;237.527;1.0
10.1002adem.200500223.isotherm1;77;cm3(STP)/g;bar;molefraction;1;CuBTC;Hydrogen;0.998128;242.443;1.0
10.1002adem.200500223.isotherm2;87;cm3(STP)/g;bar;molefraction;1;CuBTC;Hydrogen;0.0149343;7.56894;1.0
10.1002adem.200500223.isotherm2;87;cm3(STP)/g;bar;molefraction;1;CuBTC;Hydrogen;0.0608167;29.4177;1.0
10.1002adem.200500223.isotherm2;87;cm3(STP)/g;bar;molefraction;1;CuBTC;Hydrogen;0.106699;48.5353;1.0
10.1002adem.200500223.isotherm2;87;cm3(STP)/g;bar;molefraction;1;CuBTC;Hydrogen;0.202833;78.0311;1.0
10.1002adem.200500223.isotherm2;87;cm3(STP)/g;bar;molefraction;1;CuBTC;Hydrogen;0.307707;100.426;1.0
10.1002adem.200500223.isotherm2;87;cm3(STP)/g;bar;molefraction;1;CuBTC;Hydrogen;0.403842;116.813;1.0
10.1002adem.200500223.isotherm2;87;cm3(STP)/g;bar;molefraction;1;CuBTC;Hydrogen;0.506531;130.468;1.0
10.1002adem.200500223.isotherm2;87;cm3(STP)/g;bar;molefraction;1;CuBTC;Hydrogen;0.60485;141.392;1.0
10.1002adem.200500223.isotherm2;87;cm3(STP)/g;bar;molefraction;1;CuBTC;Hydrogen;0.700985;152.317;1.0
10.1002adem.200500223.isotherm2;87;cm3(STP)/g;bar;molefraction;1;CuBTC;Hydrogen;0.801489;160.51;1.0
10.1002adem.200500223.isotherm2;87;cm3(STP)/g;bar;molefraction;1;CuBTC;Hydrogen;0.906363;167.065;1.0
10.1002adem.200500223.isotherm2;87;cm3(STP)/g;bar;molefraction;1;CuBTC;Hydrogen;1.0025;172.527;1.0
10.1002adem.200500223.isotherm3;77;% Volume Adsorbed;bar;molefraction;1;CuBTC;Nitrogen;3.18e-07;1.27968;1.0
10.1002adem.200500223.isotherm3;77;% Volume Adsorbed;bar;molefraction;1;CuBTC;Nitrogen;6.9e-07;1.06119;1.0
10.1002adem.200500223.isotherm3;77;% Volume Adsorbed;bar;molefraction;1;CuBTC;Nitrogen;1.02e-06;3.02758;1.0
10.1002adem.200500223.isotherm3;77;% Volume Adsorbed;bar;molefraction;1;CuBTC;Nitrogen;1.35e-06;16.1368;1.0
10.1002adem.200500223.isotherm3;77;% Volume Adsorbed;bar;molefraction;1;CuBTC;Nitrogen;1.85e-06;23.5654;1.0
10.1002adem.200500223.isotherm3;77;% Volume Adsorbed;bar;molefraction;1;CuBTC;Nitrogen;3.87e-06;33.8343;1.0
10.1002adem.200500223.isotherm3;77;% Volume Adsorbed;bar;molefraction;1;CuBTC;Nitrogen;1.08e-05;41.0444;1.0
10.1002adem.200500223.isotherm3;77;% Volume Adsorbed;bar;molefraction;1;CuBTC;Nitrogen;2.99e-05;47.162;1.0
10.1002adem.200500223.isotherm3;77;% Volume Adsorbed;bar;molefraction;1;CuBTC;Nitrogen;5.63e-05;55.683;1.0
10.1002adem.200500223.isotherm3;77;% Volume Adsorbed;bar;molefraction;1;CuBTC;Nitrogen;8.9e-05;68.1368;1.0
10.1002adem.200500223.isotherm3;77;% Volume Adsorbed;bar;molefraction;1;CuBTC;Nitrogen;0.000122;71.8511;1.0
10.1002adem.200500223.isotherm3;77;% Volume Adsorbed;bar;molefraction;1;CuBTC;Nitrogen;0.000222;76.4393;1.0
10.1002adem.200500223.isotherm3;77;% Volume Adsorbed;bar;molefraction;1;CuBTC;Nitrogen;0.000518;81.4645;1.0
10.1002adem.200500223.isotherm3;77;% Volume Adsorbed;bar;molefraction;1;CuBTC;Nitrogen;0.0017752;84.0864;1.0
10.1002adem.200500223.isotherm3;77;% Volume Adsorbed;bar;molefraction;1;CuBTC;Nitrogen;0.00896965;86.7082;1.0
10.1002adem.200500223.isotherm3;77;% Volume Adsorbed;bar;molefraction;1;CuBTC;Nitrogen;0.0181409;86.9267;1.0
10.1002adem.200500223.isotherm3;77;% Volume Adsorbed;bar;molefraction;1;CuBTC;Nitrogen;0.130355;93.4814;1.0
10.1002adem.200500223.isotherm3;77;% Volume Adsorbed;bar;molefraction;1;CuBTC;Nitrogen;0.237208;95.2293;1.0
10.1002adem.200500223.isotherm3;77;% Volume Adsorbed;bar;molefraction;1;CuBTC;Nitrogen;0.904284;99.599;1.0
10.1002adem.201000246.Isotherm1;77;cm3(STP)/g;bar;molefraction;1;CuBTC;Nitrogen;0.0609465;419.304;1.0
10.1002adem.201000246.Isotherm1;77;cm3(STP)/g;bar;molefraction;1;CuBTC;Nitrogen;0.0891099;427.215;1.0
10.1002adem.201000246.Isotherm1;77;cm3(STP)/g;bar;molefraction;1;CuBTC;Nitrogen;0.114692;430.38;1.0
10.1002adem.201000246.Isotherm1;77;cm3(STP)/g;bar;molefraction;1;CuBTC;Nitrogen;0.137718;433.544;1.0
10.1002adem.201000246.Isotherm1;77;cm3(STP)/g;bar;molefraction;1;CuBTC;Nitrogen;0.158179;435.127;1.0
10.1002adem.201000246.Isotherm1;77;cm3(STP)/g;bar;molefraction;1;CuBTC;Nitrogen;0.193997;439.873;1.0
10.1002adem.201000246.Isotherm1;77;cm3(STP)/g;bar;molefraction;1;CuBTC;Nitrogen;0.219563;439.873;1.0
10.1002adem.201000246.Isotherm1;77;cm3(STP)/g;bar;molefraction;1;CuBTC;Nitrogen;0.242589;443.038;1.0
10.1002adem.201000246.Isotherm1;77;cm3(STP)/g;bar;molefraction;1;CuBTC;Nitrogen;0.273268;443.038;1.0
10.1002adem.201000246.Isotherm1;77;cm3(STP)/g;bar;molefraction;1;CuBTC;Nitrogen;0.298843;444.62;1.0
10.1002adem.201000246.Isotherm1;77;cm3(STP)/g;bar;molefraction;1;CuBTC;Nitrogen;0.324417;446.203;1.0
10.1002adem.201000246.Isotherm1;77;cm3(STP)/g;bar;molefraction;1;CuBTC;Nitrogen;0.349983;446.203;1.0
10.1002adem.201000246.Isotherm1;77;cm3(STP)/g;bar;molefraction;1;CuBTC;Nitrogen;0.373001;447.785;1.0
10.1002adem.201000246.Isotherm1;77;cm3(STP)/g;bar;molefraction;1;CuBTC;Nitrogen;0.393462;449.367;1.0
10.1002adem.201000246.Isotherm1;77;cm3(STP)/g;bar;molefraction;1;CuBTC;Nitrogen;0.419029;449.367;1.0
10.1002adem.201000246.Isotherm1;77;cm3(STP)/g;bar;molefraction;1;CuBTC;Nitrogen;0.444603;450.949;1.0
10.1002adem.201000246.Isotherm1;77;cm3(STP)/g;bar;molefraction;1;CuBTC;Nitrogen;0.470169;450.949;1.0
10.1002adem.201000246.Isotherm1;77;cm3(STP)/g;bar;molefraction;1;CuBTC;Nitrogen;0.488074;452.532;1.0
10.1002adem.201000246.Isotherm1;77;cm3(STP)/g;bar;molefraction;1;CuBTC;Nitrogen;0.511084;452.532;1.0
10.1002adem.201000246.Isotherm1;77;cm3(STP)/g;bar;molefraction;1;CuBTC;Nitrogen;0.53665;452.532;1.0
10.1002adem.201000246.Isotherm1;77;cm3(STP)/g;bar;molefraction;1;CuBTC;Nitrogen;0.567338;454.114;1.0
10.1002adem.201000246.Isotherm1;77;cm3(STP)/g;bar;molefraction;1;CuBTC;Nitrogen;0.592904;454.114;1.0
10.1002adem.201000246.Isotherm1;77;cm3(STP)/g;bar;molefraction;1;CuBTC;Nitrogen;0.61847;454.114;1.0
10.1002adem.201000246.Isotherm1;77;cm3(STP)/g;bar;molefraction;1;CuBTC;Nitrogen;0.644037;454.114;1.0
10.1002adem.201000246.Isotherm1;77;cm3(STP)/g;bar;molefraction;1;CuBTC;Nitrogen;0.669603;454.114;1.0
10.1002adem.201000246.Isotherm1;77;cm3(STP)/g;bar;molefraction;1;CuBTC;Nitrogen;0.692629;457.278;1.0
10.1002adem.201000246.Isotherm1;77;cm3(STP)/g;bar;molefraction;1;CuBTC;Nitrogen;0.718187;455.696;1.0
10.1002adem.201000246.Isotherm1;77;cm3(STP)/g;bar;molefraction;1;CuBTC;Nitrogen;0.743753;455.696;1.0
10.1002adem.201000246.Isotherm1;77;cm3(STP)/g;bar;molefraction;1;CuBTC;Nitrogen;0.766771;457.278;1.0
10.1002adem.201000246.Isotherm1;77;cm3(STP)/g;bar;molefraction;1;CuBTC;Nitrogen;0.792337;457.278;1.0
10.1002adem.201000246.Isotherm1;77;cm3(STP)/g;bar;molefraction;1;CuBTC;Nitrogen;0.817912;458.861;1.0
10.1002adem.201000246.Isotherm1;77;cm3(STP)/g;bar;molefraction;1;CuBTC;Nitrogen;0.843478;458.861;1.0
10.1002adem.201000246.Isotherm1;77;cm3(STP)/g;bar;molefraction;1;CuBTC;Nitrogen;0.871609;460.443;1.0
10.1002adem.201000246.Isotherm1;77;cm3(STP)/g;bar;molefraction;1;CuBTC;Nitrogen;0.897175;460.443;1.0
10.1002adem.201000246.Isotherm1;77;cm3(STP)/g;bar;molefraction;1;CuBTC;Nitrogen;0.922742;460.443;1.0
10.1002adem.201000246.Isotherm1;77;cm3(STP)/g;bar;molefraction;1;CuBTC;Nitrogen;0.94576;462.025;1.0
10.1002adem.201000246.Isotherm2;77;cm3(STP)/g;bar;molefraction;1;MOF/PAN;Nitrogen;0.00927183;313.291;1.0
10.1002adem.201000246.Isotherm2;77;cm3(STP)/g;bar;molefraction;1;MOF/PAN;Nitrogen;0.0195145;316.456;1.0
10.1002adem.201000246.Isotherm2;77;cm3(STP)/g;bar;molefraction;1;MOF/PAN;Nitrogen;0.0451051;321.203;1.0
10.1002adem.201000246.Isotherm2;77;cm3(STP)/g;bar;molefraction;1;MOF/PAN;Nitrogen;0.0630339;327.532;1.0
10.1002adem.201000246.Isotherm2;77;cm3(STP)/g;bar;molefraction;1;MOF/PAN;Nitrogen;0.0835112;332.278;1.0
10.1002adem.201000246.Isotherm2;77;cm3(STP)/g;bar;molefraction;1;MOF/PAN;Nitrogen;0.0963187;337.025;1.0
10.1002adem.201000246.Isotherm2;77;cm3(STP)/g;bar;molefraction;1;MOF/PAN;Nitrogen;0.144919;341.772;1.0
10.1002adem.201000246.Isotherm2;77;cm3(STP)/g;bar;molefraction;1;MOF/PAN;Nitrogen;0.150032;341.772;1.0
10.1002adem.201000246.Isotherm2;77;cm3(STP)/g;bar;molefraction;1;MOF/PAN;Nitrogen;0.190954;344.937;1.0
10.1002adem.201000246.Isotherm2;77;cm3(STP)/g;bar;molefraction;1;MOF/PAN;Nitrogen;0.236982;346.519;1.0
10.1002adem.201000246.Isotherm2;77;cm3(STP)/g;bar;molefraction;1;MOF/PAN;Nitrogen;0.295809;351.266;1.0
10.1002adem.201000246.Isotherm2;77;cm3(STP)/g;bar;molefraction;1;MOF/PAN;Nitrogen;0.341836;352.848;1.0
10.1002adem.201000246.Isotherm2;77;cm3(STP)/g;bar;molefraction;1;MOF/PAN;Nitrogen;0.38275;354.43;1.0
10.1002adem.201000246.Isotherm2;77;cm3(STP)/g;bar;molefraction;1;MOF/PAN;Nitrogen;0.392985;356.013;1.0
10.1002adem.201000246.Isotherm2;77;cm3(STP)/g;bar;molefraction;1;MOF/PAN;Nitrogen;0.439004;356.013;1.0
10.1002adem.201000246.Isotherm2;77;cm3(STP)/g;bar;molefraction;1;MOF/PAN;Nitrogen;0.48758;356.013;1.0
10.1002adem.201000246.Isotherm2;77;cm3(STP)/g;bar;molefraction;1;MOF/PAN;Nitrogen;0.536173;359.177;1.0
10.1002adem.201000246.Isotherm2;77;cm3(STP)/g;bar;molefraction;1;MOF/PAN;Nitrogen;0.584757;360.759;1.0
10.1002adem.201000246.Isotherm2;77;cm3(STP)/g;bar;molefraction;1;MOF/PAN;Nitrogen;0.630776;360.759;1.0
10.1002adem.201000246.Isotherm2;77;cm3(STP)/g;bar;molefraction;1;MOF/PAN;Nitrogen;0.67936;362.342;1.0
10.1002adem.201000246.Isotherm2;77;cm3(STP)/g;bar;molefraction;1;MOF/PAN;Nitrogen;0.727936;362.342;1.0
10.1002adem.201000246.Isotherm2;77;cm3(STP)/g;bar;molefraction;1;MOF/PAN;Nitrogen;0.776528;365.506;1.0
10.1002adem.201000246.Isotherm2;77;cm3(STP)/g;bar;molefraction;1;MOF/PAN;Nitrogen;0.827661;365.506;1.0
10.1002adem.201000246.Isotherm2;77;cm3(STP)/g;bar;molefraction;1;MOF/PAN;Nitrogen;0.876253;368.671;1.0
10.1002adem.201000246.Isotherm2;77;cm3(STP)/g;bar;molefraction;1;MOF/PAN;Nitrogen;0.924821;367.089;1.0
10.1002adem.201000246.Isotherm2;77;cm3(STP)/g;bar;molefraction;1;MOF/PAN;Nitrogen;0.942726;368.671;1.0
10.1002adem.201000246.Isotherm2;77;cm3(STP)/g;bar;molefraction;1;MOF/PAN;Nitrogen;0.968308;371.835;1.0
10.1002adfm.200500561.Isotherm1;77;wt%;bar;molefraction;1;IRMOF-1;Hydrogen;0.310676;0.019531;1.0
10.1002adfm.200500561.Isotherm1;77;wt%;bar;molefraction;1;IRMOF-1;Hydrogen;2.12862;1.61819;1.0
10.1002adfm.200500561.Isotherm1;77;wt%;bar;molefraction;1;IRMOF-1;Hydrogen;3.82065;2.26167;1.0
10.1002adfm.200500561.Isotherm1;77;wt%;bar;molefraction;1;IRMOF-1;Hydrogen;5.82457;2.8857;1.0
10.1002adfm.200500561.Isotherm1;77;wt%;bar;molefraction;1;IRMOF-1;Hydrogen;10.3151;3.62699;1.0
10.1002adfm.200500561.Isotherm1;77;wt%;bar;molefraction;1;IRMOF-1;Hydrogen;17.9221;4.2517;1.0
10.1002adfm.200500561.Isotherm1;77;wt%;bar;molefraction;1;IRMOF-1;Hydrogen;28.966;4.46747;1.0
10.1002adfm.200500561.Isotherm1;77;wt%;bar;molefraction;1;IRMOF-1;Hydrogen;45.3008;4.71312;1.0
10.1002adfm.200500561.Isotherm1;77;wt%;bar;molefraction;1;IRMOF-1;Hydrogen;50.1287;4.61624;1.0
10.1002adfm.200500561.Isotherm2;87;wt%;bar;molefraction;1;IRMOF-1;Hydrogen;0.310676;0.019531;1.0
10.1002adfm.200500561.Isotherm2;87;wt%;bar;molefraction;1;IRMOF-1;Hydrogen;2.30003;1.11139;1.0
10.1002adfm.200500561.Isotherm2;87;wt%;bar;molefraction;1;IRMOF-1;Hydrogen;2.60646;1.26737;1.0
10.1002adfm.200500561.Isotherm2;87;wt%;bar;molefraction;1;IRMOF-1;Hydrogen;3.06914;1.40388;1.0
10.1002adfm.200500561.Isotherm2;87;wt%;bar;molefraction;1;IRMOF-1;Hydrogen;3.83976;1.64764;1.0
10.1002adfm.200500561.Isotherm2;87;wt%;bar;molefraction;1;IRMOF-1;Hydrogen;4.14831;1.7354;1.0
10.1002adfm.200500561.Isotherm2;87;wt%;bar;molefraction;1;IRMOF-1;Hydrogen;5.07549;1.94994;1.0
10.1002adfm.200500561.Isotherm2;87;wt%;bar;molefraction;1;IRMOF-1;Hydrogen;6.31273;2.2035;1.0
10.1002adfm.200500561.Isotherm2;87;wt%;bar;molefraction;1;IRMOF-1;Hydrogen;7.55119;2.41807;1.0
10.1002adfm.200500561.Isotherm2;87;wt%;bar;molefraction;1;IRMOF-1;Hydrogen;8.47958;2.59363;1.0
10.1002adfm.200500561.Isotherm2;87;wt%;bar;molefraction;1;IRMOF-1;Hydrogen;10.9598;2.91557;1.0
10.1002adfm.200500561.Isotherm2;87;wt%;bar;molefraction;1;IRMOF-1;Hydrogen;19.3435;3.5891;1.0
10.1002adfm.200500561.Isotherm2;87;wt%;bar;molefraction;1;IRMOF-1;Hydrogen;42.2077;4.07922;1.0
10.1002adfm.200500561.Isotherm2;87;wt%;bar;molefraction;1;IRMOF-1;Hydrogen;48.2746;4.17742;1.0
10.1002adfm.200500561.Isotherm3;200;wt%;bar;molefraction;1;IRMOF-1;Hydrogen;0.310676;0.019531;1.0
10.1002adfm.200500561.Isotherm3;200;wt%;bar;molefraction;1;IRMOF-1;Hydrogen;3.73327;0.068681;1.0
10.1002adfm.200500561.Isotherm3;200;wt%;bar;molefraction;1;IRMOF-1;Hydrogen;6.99871;0.166545;1.0
10.1002adfm.200500561.Isotherm3;200;wt%;bar;molefraction;1;IRMOF-1;Hydrogen;14.4665;0.26492;1.0
10.1002adfm.200500561.Isotherm3;200;wt%;bar;molefraction;1;IRMOF-1;Hydrogen;27.9985;0.54922;1.0
10.1002adfm.200500561.Isotherm3;200;wt%;bar;molefraction;1;IRMOF-1;Hydrogen;55.0722;0.80593;1.0
10.1002adfm.200500561.Isotherm3;200;wt%;bar;molefraction;1;IRMOF-1;Hydrogen;61.9192;0.84575;1.0
10.1002adfm.200500561.Isotherm4;298;wt%;bar;molefraction;1;IRMOF-1;Hydrogen;0.310676;0.019531;1.0
10.1002adfm.200500561.Isotherm4;298;wt%;bar;molefraction;1;IRMOF-1;Hydrogen;5.13617;0.000625751;1.0
10.1002adfm.200500561.Isotherm4;298;wt%;bar;molefraction;1;IRMOF-1;Hydrogen;7.93711;0.0204602;1.0
10.1002adfm.200500561.Isotherm4;298;wt%;bar;molefraction;1;IRMOF-1;Hydrogen;12.4495;0.0599963;1.0
10.1002adfm.200500561.Isotherm4;298;wt%;bar;molefraction;1;IRMOF-1;Hydrogen;17.8969;0.06066;1.0
10.1002adfm.200500561.Isotherm4;298;wt%;bar;molefraction;1;IRMOF-1;Hydrogen;30.0339;0.159605;1.0
10.1002adfm.200500561.Isotherm4;298;wt%;bar;molefraction;1;IRMOF-1;Hydrogen;44.8187;0.200392;1.0
10.1002adfm.200500561.Isotherm4;298;wt%;bar;molefraction;1;IRMOF-1;Hydrogen;58.3573;0.270268;1.0
10.1002adfm.200500561.Isotherm4;298;wt%;bar;molefraction;1;IRMOF-1;Hydrogen;66.2941;0.300474;1.0
10.1002adfm.200500561.Isotherm4;298;wt%;bar;molefraction;1;IRMOF-1;Hydrogen;72.9855;0.340276;1.0
10.1002adfm.200500561.Isotherm5;77;wt%;bar;molefraction;1;CuBTC;Hydrogen;1.69355;2.18875;1.0
10.1002adfm.200500561.Isotherm5;77;wt%;bar;molefraction;1;CuBTC;Hydrogen;1.97581;2.30136;1.0
10.1002adfm.200500561.Isotherm5;77;wt%;bar;molefraction;1;CuBTC;Hydrogen;2.25806;2.5025;1.0
10.1002adfm.200500561.Isotherm5;77;wt%;bar;molefraction;1;CuBTC;Hydrogen;2.82258;2.63919;1.0
10.1002adfm.200500561.Isotherm5;77;wt%;bar;molefraction;1;CuBTC;Hydrogen;3.3871;2.77588;1.0
10.1002adfm.200500561.Isotherm5;77;wt%;bar;molefraction;1;CuBTC;Hydrogen;4.375;2.91247;1.0
10.1002adfm.200500561.Isotherm5;77;wt%;bar;molefraction;1;CuBTC;Hydrogen;7.33871;3.17739;1.0
10.1002adfm.200500561.Isotherm5;77;wt%;bar;molefraction;1;CuBTC;Hydrogen;12.7016;3.33712;1.0
10.1002adfm.200500561.Isotherm5;77;wt%;bar;molefraction;1;CuBTC;Hydrogen;22.2984;3.52002;1.0
10.1002adfm.200500561.Isotherm5;77;wt%;bar;molefraction;1;CuBTC;Hydrogen;32.7419;3.52567;1.0
10.1002adfm.200500561.Isotherm5;77;wt%;bar;molefraction;1;CuBTC;Hydrogen;43.4677;3.39443;1.0
10.1002adfm.200500561.Isotherm5;77;wt%;bar;molefraction;1;CuBTC;Hydrogen;50.3831;3.62624;1.0
10.1002adfm.200500561.Isotherm6;87;wt%;bar;molefraction;1;CuBTC;Hydrogen;0.141129;0.00801584;1.0
10.1002adfm.200500561.Isotherm6;87;wt%;bar;molefraction;1;CuBTC;Hydrogen;1.41129;1.52885;1.0
10.1002adfm.200500561.Isotherm6;87;wt%;bar;molefraction;1;CuBTC;Hydrogen;1.97581;1.86675;1.0
10.1002adfm.200500561.Isotherm6;87;wt%;bar;molefraction;1;CuBTC;Hydrogen;2.82258;2.11605;1.0
10.1002adfm.200500561.Isotherm6;87;wt%;bar;molefraction;1;CuBTC;Hydrogen;2.96371;2.18041;1.0
10.1002adfm.200500561.Isotherm6;87;wt%;bar;molefraction;1;CuBTC;Hydrogen;3.95161;2.34919;1.0
10.1002adfm.200500561.Isotherm6;87;wt%;bar;molefraction;1;CuBTC;Hydrogen;5.3629;2.55812;1.0
10.1002adfm.200500561.Isotherm6;87;wt%;bar;molefraction;1;CuBTC;Hydrogen;6.20968;2.6706;1.0
10.1002adfm.200500561.Isotherm6;87;wt%;bar;molefraction;1;CuBTC;Hydrogen;7.47984;2.78299;1.0
10.1002adfm.200500561.Isotherm6;87;wt%;bar;molefraction;1;CuBTC;Hydrogen;10.1613;2.92724;1.0
10.1002adfm.200500561.Isotherm6;87;wt%;bar;molefraction;1;CuBTC;Hydrogen;19.4758;3.13435;1.0
10.1002adfm.200500561.Isotherm6;87;wt%;bar;molefraction;1;CuBTC;Hydrogen;42.621;3.24171;1.0
10.1002adfm.200500561.Isotherm6;87;wt%;bar;molefraction;1;CuBTC;Hydrogen;48.125;3.54628;1.0
10.1002adfm.200500561.Isotherm7;200;wt%;bar;molefraction;1;CuBTC;Hydrogen;0.141129;0.00801584;1.0
10.1002adfm.200500561.Isotherm7;200;wt%;bar;molefraction;1;CuBTC;Hydrogen;2.25806;0.0638671;1.0
10.1002adfm.200500561.Isotherm7;200;wt%;bar;molefraction;1;CuBTC;Hydrogen;3.24597;0.11193;1.0
10.1002adfm.200500561.Isotherm7;200;wt%;bar;molefraction;1;CuBTC;Hydrogen;6.63306;0.191634;1.0
10.1002adfm.200500561.Isotherm7;200;wt%;bar;molefraction;1;CuBTC;Hydrogen;13.8306;0.383138;1.0
10.1002adfm.200500561.Isotherm7;200;wt%;bar;molefraction;1;CuBTC;Hydrogen;28.5081;0.637308;1.0
10.1002adfm.200500561.Isotherm7;200;wt%;bar;molefraction;1;CuBTC;Hydrogen;54.4758;0.937171;1.0
10.1002adfm.200500561.Isotherm7;200;wt%;bar;molefraction;1;CuBTC;Hydrogen;61.25;1;1.0
10.1002adfm.200500561.Isotherm8;298;wt%;bar;molefraction;1;CuBTC;Hydrogen;0.141129;0.00801584;1.0
10.1002adfm.200500561.Isotherm8;298;wt%;bar;molefraction;1;CuBTC;Hydrogen;4.375;0.0311871;1.0
10.1002adfm.200500561.Isotherm8;298;wt%;bar;molefraction;1;CuBTC;Hydrogen;8.18548;0.0786006;1.0
10.1002adfm.200500561.Isotherm8;298;wt%;bar;molefraction;1;CuBTC;Hydrogen;18.629;0.132537;1.0
10.1002adfm.200500561.Isotherm8;298;wt%;bar;molefraction;1;CuBTC;Hydrogen;29.9194;0.202376;1.0
10.1002adfm.200500561.Isotherm8;298;wt%;bar;molefraction;1;CuBTC;Hydrogen;44.879;0.279418;1.0
10.1002adfm.200500561.Isotherm8;298;wt%;bar;molefraction;1;CuBTC;Hydrogen;58.7097;0.340624;1.0
10.1002adfm.200500561.Isotherm8;298;wt%;bar;molefraction;1;CuBTC;Hydrogen;65.9073;0.347018;1.0
10.1002adfm.200500830.Isotherm1;77;wt%;bar;molefraction;1;Carbon;Hydrogen;0.00909016;0.274254;1.0
10.1002adfm.200500830.Isotherm1;77;wt%;bar;molefraction;1;Carbon;Hydrogen;0.0151503;0.470149;1.0
10.1002adfm.200500830.Isotherm1;77;wt%;bar;molefraction;1;Carbon;Hydrogen;0.0212104;0.666045;1.0
10.1002adfm.200500830.Isotherm1;77;wt%;bar;molefraction;1;Carbon;Hydrogen;0.0303005;0.822761;1.0
10.1002adfm.200500830.Isotherm1;77;wt%;bar;molefraction;1;Carbon;Hydrogen;0.0696912;1.13619;1.0
10.1002adfm.200500830.Isotherm1;77;wt%;bar;molefraction;1;Carbon;Hydrogen;0.103022;1.27985;1.0
10.1002adfm.200500830.Isotherm1;77;wt%;bar;molefraction;1;Carbon;Hydrogen;0.154533;1.47575;1.0
10.1002adfm.200500830.Isotherm1;77;wt%;bar;molefraction;1;Carbon;Hydrogen;0.203014;1.63246;1.0
10.1002adfm.200500830.Isotherm1;77;wt%;bar;molefraction;1;Carbon;Hydrogen;0.251494;1.76306;1.0
10.1002adfm.200500830.Isotherm1;77;wt%;bar;molefraction;1;Carbon;Hydrogen;0.306035;1.86754;1.0
10.1002adfm.200500830.Isotherm1;77;wt%;bar;molefraction;1;Carbon;Hydrogen;0.348456;1.9459;1.0
10.1002adfm.200500830.Isotherm1;77;wt%;bar;molefraction;1;Carbon;Hydrogen;0.409057;2.02425;1.0
10.1002adfm.200500830.Isotherm1;77;wt%;bar;molefraction;1;Carbon;Hydrogen;0.457538;2.08955;1.0
10.1002adfm.200500830.Isotherm1;77;wt%;bar;molefraction;1;Carbon;Hydrogen;0.509049;2.15485;1.0
10.1002adfm.200500830.Isotherm1;77;wt%;bar;molefraction;1;Carbon;Hydrogen;0.55753;2.20709;1.0
10.1002adfm.200500830.Isotherm1;77;wt%;bar;molefraction;1;Carbon;Hydrogen;0.609041;2.24627;1.0
10.1002adfm.200500830.Isotherm1;77;wt%;bar;molefraction;1;Carbon;Hydrogen;0.663582;2.31157;1.0
10.1002adfm.200500830.Isotherm1;77;wt%;bar;molefraction;1;Carbon;Hydrogen;0.712063;2.35075;1.0
10.1002adfm.200500830.Isotherm1;77;wt%;bar;molefraction;1;Carbon;Hydrogen;0.763574;2.37687;1.0
10.1002adfm.200500830.Isotherm1;77;wt%;bar;molefraction;1;Carbon;Hydrogen;0.818115;2.41604;1.0
10.1002adfm.200500830.Isotherm1;77;wt%;bar;molefraction;1;Carbon;Hydrogen;0.863565;2.45522;1.0
10.1002adfm.200500830.Isotherm1;77;wt%;bar;molefraction;1;Carbon;Hydrogen;0.905986;2.50746;1.0
10.1002adfm.200500830.Isotherm1;77;wt%;bar;molefraction;1;Carbon;Hydrogen;0.960527;2.54664;1.0
10.1002adfm.200500830.Isotherm1;77;wt%;bar;molefraction;1;Carbon;Hydrogen;1.00598;2.5597;1.0
10.1002adfm.200500830.Isotherm1-1;77;wt%;bar;molefraction;1;Carbon;Hydrogen;0.0121202;0.157462;1.0
10.1002adfm.200500830.Isotherm1-1;77;wt%;bar;molefraction;1;Carbon;Hydrogen;0.0333306;0.35437;1.0
10.1002adfm.200500830.Isotherm1-1;77;wt%;bar;molefraction;1;Carbon;Hydrogen;0.0666612;0.60387;1.0
10.1002adfm.200500830.Isotherm1-1;77;wt%;bar;molefraction;1;Carbon;Hydrogen;0.0939317;0.748422;1.0
10.1002adfm.200500830.Isotherm1-1;77;wt%;bar;molefraction;1;Carbon;Hydrogen;0.154533;0.945846;1.0
10.1002adfm.200500830.Isotherm1-1;77;wt%;bar;molefraction;1;Carbon;Hydrogen;0.199984;1.09064;1.0
10.1002adfm.200500830.Isotherm1-1;77;wt%;bar;molefraction;1;Carbon;Hydrogen;0.248464;1.19614;1.0
10.1002adfm.200500830.Isotherm1-1;77;wt%;bar;molefraction;1;Carbon;Hydrogen;0.303005;1.31483;1.0
10.1002adfm.200500830.Isotherm1-1;77;wt%;bar;molefraction;1;Carbon;Hydrogen;0.354516;1.43349;1.0
10.1002adfm.200500830.Isotherm1-1;77;wt%;bar;molefraction;1;Carbon;Hydrogen;0.409057;1.49974;1.0
10.1002adfm.200500830.Isotherm1-1;77;wt%;bar;molefraction;1;Carbon;Hydrogen;0.454508;1.60521;1.0
10.1002adfm.200500830.Isotherm1-1;77;wt%;bar;molefraction;1;Carbon;Hydrogen;0.493899;1.65816;1.0
10.1002adfm.200500830.Isotherm1-1;77;wt%;bar;molefraction;1;Carbon;Hydrogen;0.754483;1.94997;1.0
10.1002adfm.200500830.Isotherm1-1;77;wt%;bar;molefraction;1;Carbon;Hydrogen;0.802964;2.00304;1.0
10.1002adfm.200500830.Isotherm1-1;77;wt%;bar;molefraction;1;Carbon;Hydrogen;0.854475;2.02993;1.0
10.1002adfm.200500830.Isotherm1-1;77;wt%;bar;molefraction;1;Carbon;Hydrogen;0.909016;2.08308;1.0
10.1002adfm.200500830.Isotherm1-1;77;wt%;bar;molefraction;1;Carbon;Hydrogen;0.957497;2.10993;1.0
10.1002adfm.200500830.Isotherm1-1;77;wt%;bar;molefraction;1;Carbon;Hydrogen;1.00295;2.14985;1.0
10.1002adfm.200500830.Isotherm2;77;wt%;bar;molefraction;1;Carbon;Hydrogen;0.0151503;0.757463;1.0
10.1002adfm.200500830.Isotherm2;77;wt%;bar;molefraction;1;Carbon;Hydrogen;0.0303005;0.88806;1.0
10.1002adfm.200500830.Isotherm2;77;wt%;bar;molefraction;1;Carbon;Hydrogen;0.0696912;1.26679;1.0
10.1002adfm.200500830.Isotherm2;77;wt%;bar;molefraction;1;Carbon;Hydrogen;0.0999918;1.46269;1.0
10.1002adfm.200500830.Isotherm2;77;wt%;bar;molefraction;1;Carbon;Hydrogen;0.154533;1.6847;1.0
10.1002adfm.200500830.Isotherm2;77;wt%;bar;molefraction;1;Carbon;Hydrogen;0.203014;1.86754;1.0
10.1002adfm.200500830.Isotherm2;77;wt%;bar;molefraction;1;Carbon;Hydrogen;0.251494;2.02425;1.0
10.1002adfm.200500830.Isotherm2;77;wt%;bar;molefraction;1;Carbon;Hydrogen;0.306035;2.12873;1.0
10.1002adfm.200500830.Isotherm2;77;wt%;bar;molefraction;1;Carbon;Hydrogen;0.354516;2.23321;1.0
10.1002adfm.200500830.Isotherm2;77;wt%;bar;molefraction;1;Carbon;Hydrogen;0.406027;2.33769;1.0
10.1002adfm.200500830.Isotherm2;77;wt%;bar;molefraction;1;Carbon;Hydrogen;0.506019;2.4944;1.0
10.1002adfm.200500830.Isotherm2;77;wt%;bar;molefraction;1;Carbon;Hydrogen;0.56056;2.57276;1.0
10.1002adfm.200500830.Isotherm2;77;wt%;bar;molefraction;1;Carbon;Hydrogen;0.609041;2.63806;1.0
10.1002adfm.200500830.Isotherm2;77;wt%;bar;molefraction;1;Carbon;Hydrogen;0.657522;2.70336;1.0
10.1002adfm.200500830.Isotherm2;77;wt%;bar;molefraction;1;Carbon;Hydrogen;0.712063;2.7556;1.0
10.1002adfm.200500830.Isotherm2;77;wt%;bar;molefraction;1;Carbon;Hydrogen;0.760544;2.80784;1.0
10.1002adfm.200500830.Isotherm2;77;wt%;bar;molefraction;1;Carbon;Hydrogen;0.809024;2.84701;1.0
10.1002adfm.200500830.Isotherm2;77;wt%;bar;molefraction;1;Carbon;Hydrogen;0.912046;2.95149;1.0
10.1002adfm.200500830.Isotherm2;77;wt%;bar;molefraction;1;Carbon;Hydrogen;0.960527;2.99067;1.0
10.1002adfm.200500830.Isotherm2;77;wt%;bar;molefraction;1;Carbon;Hydrogen;1.00295;3.02985;1.0
10.1002adfm.200600944.Isotherm1;77;wt%;bar;molefraction;1;[Zn(bdc)(ted)0.5]*2DMF*0.2H2O;Hydrogen;0.0218973;0.104519;1.0
10.1002adfm.200600944.Isotherm1;77;wt%;bar;molefraction;1;[Zn(bdc)(ted)0.5]*2DMF*0.2H2O;Hydrogen;0.0497667;0.190652;1.0
10.1002adfm.200600944.Isotherm1;77;wt%;bar;molefraction;1;[Zn(bdc)(ted)0.5]*2DMF*0.2H2O;Hydrogen;0.0776361;0.270646;1.0
10.1002adfm.200600944.Isotherm1;77;wt%;bar;molefraction;1;[Zn(bdc)(ted)0.5]*2DMF*0.2H2O;Hydrogen;0.101524;0.350615;1.0
10.1002adfm.200600944.Isotherm1;77;wt%;bar;molefraction;1;[Zn(bdc)(ted)0.5]*2DMF*0.2H2O;Hydrogen;0.125412;0.436725;1.0
10.1002adfm.200600944.Isotherm1;77;wt%;bar;molefraction;1;[Zn(bdc)(ted)0.5]*2DMF*0.2H2O;Hydrogen;0.151291;0.504426;1.0
10.1002adfm.200600944.Isotherm1;77;wt%;bar;molefraction;1;[Zn(bdc)(ted)0.5]*2DMF*0.2H2O;Hydrogen;0.177169;0.584407;1.0
10.1002adfm.200600944.Isotherm1;77;wt%;bar;molefraction;1;[Zn(bdc)(ted)0.5]*2DMF*0.2H2O;Hydrogen;0.205039;0.645979;1.0
10.1002adfm.200600944.Isotherm1;77;wt%;bar;molefraction;1;[Zn(bdc)(ted)0.5]*2DMF*0.2H2O;Hydrogen;0.228927;0.725949;1.0
10.1002adfm.200600944.Isotherm1;77;wt%;bar;molefraction;1;[Zn(bdc)(ted)0.5]*2DMF*0.2H2O;Hydrogen;0.252815;0.793637;1.0
10.1002adfm.200600944.Isotherm1;77;wt%;bar;molefraction;1;[Zn(bdc)(ted)0.5]*2DMF*0.2H2O;Hydrogen;0.280684;0.86135;1.0
10.1002adfm.200600944.Isotherm1;77;wt%;bar;molefraction;1;[Zn(bdc)(ted)0.5]*2DMF*0.2H2O;Hydrogen;0.32647;0.972154;1.0
10.1002adfm.200600944.Isotherm1;77;wt%;bar;molefraction;1;[Zn(bdc)(ted)0.5]*2DMF*0.2H2O;Hydrogen;0.35633;1.04602;1.0
10.1002adfm.200600944.Isotherm1;77;wt%;bar;molefraction;1;[Zn(bdc)(ted)0.5]*2DMF*0.2H2O;Hydrogen;0.380218;1.10143;1.0
10.1002adfm.200600944.Isotherm1;77;wt%;bar;molefraction;1;[Zn(bdc)(ted)0.5]*2DMF*0.2H2O;Hydrogen;0.429984;1.20611;1.0
10.1002adfm.200600944.Isotherm1;77;wt%;bar;molefraction;1;[Zn(bdc)(ted)0.5]*2DMF*0.2H2O;Hydrogen;0.459844;1.2677;1.0
10.1002adfm.200600944.Isotherm1;77;wt%;bar;molefraction;1;[Zn(bdc)(ted)0.5]*2DMF*0.2H2O;Hydrogen;0.483732;1.31083;1.0
10.1002adfm.200600944.Isotherm1;77;wt%;bar;molefraction;1;[Zn(bdc)(ted)0.5]*2DMF*0.2H2O;Hydrogen;0.509611;1.35397;1.0
10.1002adfm.200600944.Isotherm1;77;wt%;bar;molefraction;1;[Zn(bdc)(ted)0.5]*2DMF*0.2H2O;Hydrogen;0.53549;1.40939;1.0
10.1002adfm.200600944.Isotherm1;77;wt%;bar;molefraction;1;[Zn(bdc)(ted)0.5]*2DMF*0.2H2O;Hydrogen;0.559378;1.44023;1.0
10.1002adfm.200600944.Isotherm1;77;wt%;bar;molefraction;1;[Zn(bdc)(ted)0.5]*2DMF*0.2H2O;Hydrogen;0.587247;1.48952;1.0
10.1002adfm.200600944.Isotherm1;77;wt%;bar;molefraction;1;[Zn(bdc)(ted)0.5]*2DMF*0.2H2O;Hydrogen;0.635023;1.57578;1.0
10.1002adfm.200600944.Isotherm1;77;wt%;bar;molefraction;1;[Zn(bdc)(ted)0.5]*2DMF*0.2H2O;Hydrogen;0.65493;1.61274;1.0
10.1002adfm.200600944.Isotherm1;77;wt%;bar;molefraction;1;[Zn(bdc)(ted)0.5]*2DMF*0.2H2O;Hydrogen;0.68678;1.65592;1.0
10.1002adfm.200600944.Isotherm1;77;wt%;bar;molefraction;1;[Zn(bdc)(ted)0.5]*2DMF*0.2H2O;Hydrogen;0.734556;1.72375;1.0
10.1002adfm.200600944.Isotherm1;77;wt%;bar;molefraction;1;[Zn(bdc)(ted)0.5]*2DMF*0.2H2O;Hydrogen;0.762426;1.77304;1.0
10.1002adfm.200600944.Isotherm1;77;wt%;bar;molefraction;1;[Zn(bdc)(ted)0.5]*2DMF*0.2H2O;Hydrogen;0.786314;1.79775;1.0
10.1002adfm.200600944.Isotherm1;77;wt%;bar;molefraction;1;[Zn(bdc)(ted)0.5]*2DMF*0.2H2O;Hydrogen;0.836081;1.85945;1.0
10.1002adfm.200600944.Isotherm1;77;wt%;bar;molefraction;1;[Zn(bdc)(ted)0.5]*2DMF*0.2H2O;Hydrogen;0.861959;1.88417;1.0
10.1002adfm.200600944.Isotherm1;77;wt%;bar;molefraction;1;[Zn(bdc)(ted)0.5]*2DMF*0.2H2O;Hydrogen;0.885847;1.91502;1.0
10.1002adfm.200600944.Isotherm1;77;wt%;bar;molefraction;1;[Zn(bdc)(ted)0.5]*2DMF*0.2H2O;Hydrogen;0.937605;1.98287;1.0
10.1002adfm.200600944.Isotherm1;77;wt%;bar;molefraction;1;[Zn(bdc)(ted)0.5]*2DMF*0.2H2O;Hydrogen;0.965474;2.01375;1.0
10.1002adfm.200600944.Isotherm1;77;wt%;bar;molefraction;1;[Zn(bdc)(ted)0.5]*2DMF*0.2H2O;Hydrogen;0.989362;2.03845;1.0
10.1002adfm.200600944.Isotherm10;333;mmol/g;bar;molefraction;1;[Zn(bdc)(ted)0.5]*2DMF*0.2H2O;Methanol;0.0190754;0.207537;1.0
10.1002adfm.200600944.Isotherm10;333;mmol/g;bar;molefraction;1;[Zn(bdc)(ted)0.5]*2DMF*0.2H2O;Methanol;0.022152;0.292389;1.0
10.1002adfm.200600944.Isotherm10;333;mmol/g;bar;molefraction;1;[Zn(bdc)(ted)0.5]*2DMF*0.2H2O;Methanol;0.025844;0.290899;1.0
10.1002adfm.200600944.Isotherm10;333;mmol/g;bar;molefraction;1;[Zn(bdc)(ted)0.5]*2DMF*0.2H2O;Methanol;0.0289207;0.375751;1.0
10.1002adfm.200600944.Isotherm10;333;mmol/g;bar;molefraction;1;[Zn(bdc)(ted)0.5]*2DMF*0.2H2O;Methanol;0.0324076;0.503485;1.0
10.1002adfm.200600944.Isotherm10;333;mmol/g;bar;molefraction;1;[Zn(bdc)(ted)0.5]*2DMF*0.2H2O;Methanol;0.0344587;0.502657;1.0
10.1002adfm.200600944.Isotherm10;333;mmol/g;bar;molefraction;1;[Zn(bdc)(ted)0.5]*2DMF*0.2H2O;Methanol;0.0363047;0.54496;1.0
10.1002adfm.200600944.Isotherm10;333;mmol/g;bar;molefraction;1;[Zn(bdc)(ted)0.5]*2DMF*0.2H2O;Methanol;0.0381507;0.630309;1.0
10.1002adfm.200600944.Isotherm10;333;mmol/g;bar;molefraction;1;[Zn(bdc)(ted)0.5]*2DMF*0.2H2O;Methanol;0.0410223;0.672197;1.0
10.1002adfm.200600944.Isotherm10;333;mmol/g;bar;molefraction;1;[Zn(bdc)(ted)0.5]*2DMF*0.2H2O;Methanol;0.0430734;0.671369;1.0
10.1002adfm.200600944.Isotherm10;333;mmol/g;bar;molefraction;1;[Zn(bdc)(ted)0.5]*2DMF*0.2H2O;Methanol;0.0449194;0.756718;1.0
10.1002adfm.200600944.Isotherm10;333;mmol/g;bar;molefraction;1;[Zn(bdc)(ted)0.5]*2DMF*0.2H2O;Methanol;0.0469705;0.75589;1.0
10.1002adfm.200600944.Isotherm10;333;mmol/g;bar;molefraction;1;[Zn(bdc)(ted)0.5]*2DMF*0.2H2O;Methanol;0.0490216;0.798109;1.0
10.1002adfm.200600944.Isotherm10;333;mmol/g;bar;molefraction;1;[Zn(bdc)(ted)0.5]*2DMF*0.2H2O;Methanol;0.0516881;0.883127;1.0
10.1002adfm.200600944.Isotherm10;333;mmol/g;bar;molefraction;1;[Zn(bdc)(ted)0.5]*2DMF*0.2H2O;Methanol;0.0537392;0.8823;1.0
10.1002adfm.200600944.Isotherm10;333;mmol/g;bar;molefraction;1;[Zn(bdc)(ted)0.5]*2DMF*0.2H2O;Methanol;0.0557903;0.924519;1.0
10.1002adfm.200600944.Isotherm10;333;mmol/g;bar;molefraction;1;[Zn(bdc)(ted)0.5]*2DMF*0.2H2O;Methanol;0.0576363;1.00987;1.0
10.1002adfm.200600944.Isotherm10;333;mmol/g;bar;molefraction;1;[Zn(bdc)(ted)0.5]*2DMF*0.2H2O;Methanol;0.0596874;1.00904;1.0
10.1002adfm.200600944.Isotherm10;333;mmol/g;bar;molefraction;1;[Zn(bdc)(ted)0.5]*2DMF*0.2H2O;Methanol;0.062559;1.05093;1.0
10.1002adfm.200600944.Isotherm10;333;mmol/g;bar;molefraction;1;[Zn(bdc)(ted)0.5]*2DMF*0.2H2O;Methanol;0.064405;1.13628;1.0
10.1002adfm.200600944.Isotherm10;333;mmol/g;bar;molefraction;1;[Zn(bdc)(ted)0.5]*2DMF*0.2H2O;Methanol;0.0664561;1.13545;1.0
10.1002adfm.200600944.Isotherm10;333;mmol/g;bar;molefraction;1;[Zn(bdc)(ted)0.5]*2DMF*0.2H2O;Methanol;0.0685072;1.17767;1.0
10.1002adfm.200600944.Isotherm10;333;mmol/g;bar;molefraction;1;[Zn(bdc)(ted)0.5]*2DMF*0.2H2O;Methanol;0.0703532;1.21997;1.0
10.1002adfm.200600944.Isotherm10;333;mmol/g;bar;molefraction;1;[Zn(bdc)(ted)0.5]*2DMF*0.2H2O;Methanol;0.0730196;1.21889;1.0
10.1002adfm.200600944.Isotherm10;333;mmol/g;bar;molefraction;1;[Zn(bdc)(ted)0.5]*2DMF*0.2H2O;Methanol;0.0748656;1.30424;1.0
10.1002adfm.200600944.Isotherm10;333;mmol/g;bar;molefraction;1;[Zn(bdc)(ted)0.5]*2DMF*0.2H2O;Methanol;0.0769168;1.34646;1.0
10.1002adfm.200600944.Isotherm10;333;mmol/g;bar;molefraction;1;[Zn(bdc)(ted)0.5]*2DMF*0.2H2O;Methanol;0.0789679;1.34564;1.0
10.1002adfm.200600944.Isotherm10;333;mmol/g;bar;molefraction;1;[Zn(bdc)(ted)0.5]*2DMF*0.2H2O;Methanol;0.0806088;1.43107;1.0
10.1002adfm.200600944.Isotherm10;333;mmol/g;bar;molefraction;1;[Zn(bdc)(ted)0.5]*2DMF*0.2H2O;Methanol;0.0836854;1.47287;1.0
10.1002adfm.200600944.Isotherm10;333;mmol/g;bar;molefraction;1;[Zn(bdc)(ted)0.5]*2DMF*0.2H2O;Methanol;0.0857365;1.47204;1.0
10.1002adfm.200600944.Isotherm10;333;mmol/g;bar;molefraction;1;[Zn(bdc)(ted)0.5]*2DMF*0.2H2O;Methanol;0.0875825;1.55739;1.0
10.1002adfm.200600944.Isotherm10;333;mmol/g;bar;molefraction;1;[Zn(bdc)(ted)0.5]*2DMF*0.2H2O;Methanol;0.0896337;1.59961;1.0
10.1002adfm.200600944.Isotherm10;333;mmol/g;bar;molefraction;1;[Zn(bdc)(ted)0.5]*2DMF*0.2H2O;Methanol;0.0916848;1.59879;1.0
10.1002adfm.200600944.Isotherm10;333;mmol/g;bar;molefraction;1;[Zn(bdc)(ted)0.5]*2DMF*0.2H2O;Methanol;0.0941461;1.64084;1.0
10.1002adfm.200600944.Isotherm10;333;mmol/g;bar;molefraction;1;[Zn(bdc)(ted)0.5]*2DMF*0.2H2O;Methanol;0.0961972;1.72611;1.0
10.1002adfm.200600944.Isotherm10;333;mmol/g;bar;molefraction;1;[Zn(bdc)(ted)0.5]*2DMF*0.2H2O;Methanol;0.0982483;1.72528;1.0
10.1002adfm.200600944.Isotherm10;333;mmol/g;bar;molefraction;1;[Zn(bdc)(ted)0.5]*2DMF*0.2H2O;Methanol;0.0998892;1.81071;1.0
10.1002adfm.200600944.Isotherm11;353;mmol/g;bar;molefraction;1;[Zn(bdc)(ted)0.5]*2DMF*0.2H2O;Methanol;0.0223571;0.120118;1.0
10.1002adfm.200600944.Isotherm11;353;mmol/g;bar;molefraction;1;[Zn(bdc)(ted)0.5]*2DMF*0.2H2O;Methanol;0.0266645;0.161427;1.0
10.1002adfm.200600944.Isotherm11;353;mmol/g;bar;molefraction;1;[Zn(bdc)(ted)0.5]*2DMF*0.2H2O;Methanol;0.031382;0.159523;1.0
10.1002adfm.200600944.Isotherm11;353;mmol/g;bar;molefraction;1;[Zn(bdc)(ted)0.5]*2DMF*0.2H2O;Methanol;0.0348689;0.158115;1.0
10.1002adfm.200600944.Isotherm11;353;mmol/g;bar;molefraction;1;[Zn(bdc)(ted)0.5]*2DMF*0.2H2O;Methanol;0.0360996;0.200666;1.0
10.1002adfm.200600944.Isotherm11;353;mmol/g;bar;molefraction;1;[Zn(bdc)(ted)0.5]*2DMF*0.2H2O;Methanol;0.0445092;0.197272;1.0
10.1002adfm.200600944.Isotherm11;353;mmol/g;bar;molefraction;1;[Zn(bdc)(ted)0.5]*2DMF*0.2H2O;Methanol;0.0477909;0.282041;1.0
10.1002adfm.200600944.Isotherm11;353;mmol/g;bar;molefraction;1;[Zn(bdc)(ted)0.5]*2DMF*0.2H2O;Methanol;0.0545596;0.279309;1.0
10.1002adfm.200600944.Isotherm11;353;mmol/g;bar;molefraction;1;[Zn(bdc)(ted)0.5]*2DMF*0.2H2O;Methanol;0.057021;0.321363;1.0
10.1002adfm.200600944.Isotherm11;353;mmol/g;bar;molefraction;1;[Zn(bdc)(ted)0.5]*2DMF*0.2H2O;Methanol;0.0650203;0.361182;1.0
10.1002adfm.200600944.Isotherm11;353;mmol/g;bar;molefraction;1;[Zn(bdc)(ted)0.5]*2DMF*0.2H2O;Methanol;0.0670714;0.446448;1.0
10.1002adfm.200600944.Isotherm11;353;mmol/g;bar;molefraction;1;[Zn(bdc)(ted)0.5]*2DMF*0.2H2O;Methanol;0.0691225;0.44562;1.0
10.1002adfm.200600944.Isotherm11;353;mmol/g;bar;molefraction;1;[Zn(bdc)(ted)0.5]*2DMF*0.2H2O;Methanol;0.0711736;0.444792;1.0
10.1002adfm.200600944.Isotherm11;353;mmol/g;bar;molefraction;1;[Zn(bdc)(ted)0.5]*2DMF*0.2H2O;Methanol;0.0726094;0.444213;1.0
10.1002adfm.200600944.Isotherm11;353;mmol/g;bar;molefraction;1;[Zn(bdc)(ted)0.5]*2DMF*0.2H2O;Methanol;0.0746605;0.443385;1.0
10.1002adfm.200600944.Isotherm11;353;mmol/g;bar;molefraction;1;[Zn(bdc)(ted)0.5]*2DMF*0.2H2O;Methanol;0.0765065;0.485687;1.0
10.1002adfm.200600944.Isotherm11;353;mmol/g;bar;molefraction;1;[Zn(bdc)(ted)0.5]*2DMF*0.2H2O;Methanol;0.0785576;0.484859;1.0
10.1002adfm.200600944.Isotherm11;353;mmol/g;bar;molefraction;1;[Zn(bdc)(ted)0.5]*2DMF*0.2H2O;Methanol;0.0806088;0.484031;1.0
10.1002adfm.200600944.Isotherm11;353;mmol/g;bar;molefraction;1;[Zn(bdc)(ted)0.5]*2DMF*0.2H2O;Methanol;0.0836854;0.48279;1.0
10.1002adfm.200600944.Isotherm11;353;mmol/g;bar;molefraction;1;[Zn(bdc)(ted)0.5]*2DMF*0.2H2O;Methanol;0.0857365;0.481962;1.0
10.1002adfm.200600944.Isotherm11;353;mmol/g;bar;molefraction;1;[Zn(bdc)(ted)0.5]*2DMF*0.2H2O;Methanol;0.0877877;0.524181;1.0
10.1002adfm.200600944.Isotherm11;353;mmol/g;bar;molefraction;1;[Zn(bdc)(ted)0.5]*2DMF*0.2H2O;Methanol;0.0898388;0.523353;1.0
10.1002adfm.200600944.Isotherm11;353;mmol/g;bar;molefraction;1;[Zn(bdc)(ted)0.5]*2DMF*0.2H2O;Methanol;0.0918899;0.522525;1.0
10.1002adfm.200600944.Isotherm11;353;mmol/g;bar;molefraction;1;[Zn(bdc)(ted)0.5]*2DMF*0.2H2O;Methanol;0.0941461;0.521615;1.0
10.1002adfm.200600944.Isotherm11;353;mmol/g;bar;molefraction;1;[Zn(bdc)(ted)0.5]*2DMF*0.2H2O;Methanol;0.0959921;0.606964;1.0
10.1002adfm.200600944.Isotherm11;353;mmol/g;bar;molefraction;1;[Zn(bdc)(ted)0.5]*2DMF*0.2H2O;Methanol;0.0980432;0.606136;1.0
10.1002adfm.200600944.Isotherm11;353;mmol/g;bar;molefraction;1;[Zn(bdc)(ted)0.5]*2DMF*0.2H2O;Methanol;0.100299;0.562178;1.0
10.1002adfm.200600944.Isotherm12;303;mmol/g;bar;molefraction;1;[Zn(bdc)(ted)0.5]*2DMF*0.2H2O;Ethanol;0.00197549;0.302521;1.0
10.1002adfm.200600944.Isotherm12;303;mmol/g;bar;molefraction;1;[Zn(bdc)(ted)0.5]*2DMF*0.2H2O;Ethanol;0.00404111;0.579694;1.0
10.1002adfm.200600944.Isotherm12;303;mmol/g;bar;molefraction;1;[Zn(bdc)(ted)0.5]*2DMF*0.2H2O;Ethanol;0.0058349;1.11001;1.0
10.1002adfm.200600944.Isotherm12;303;mmol/g;bar;molefraction;1;[Zn(bdc)(ted)0.5]*2DMF*0.2H2O;Ethanol;0.00753689;1.86807;1.0
10.1002adfm.200600944.Isotherm12;303;mmol/g;bar;molefraction;1;[Zn(bdc)(ted)0.5]*2DMF*0.2H2O;Ethanol;0.00941661;2.87902;1.0
10.1002adfm.200600944.Isotherm12;303;mmol/g;bar;molefraction;1;[Zn(bdc)(ted)0.5]*2DMF*0.2H2O;Ethanol;0.0112936;4.21887;1.0
10.1002adfm.200600944.Isotherm12;303;mmol/g;bar;molefraction;1;[Zn(bdc)(ted)0.5]*2DMF*0.2H2O;Ethanol;0.0132595;5.68517;1.0
10.1002adfm.200600944.Isotherm12;303;mmol/g;bar;molefraction;1;[Zn(bdc)(ted)0.5]*2DMF*0.2H2O;Ethanol;0.0149562;7.07571;1.0
10.1002adfm.200600944.Isotherm12;303;mmol/g;bar;molefraction;1;[Zn(bdc)(ted)0.5]*2DMF*0.2H2O;Ethanol;0.0166574;7.93497;1.0
10.1002adfm.200600944.Isotherm12;303;mmol/g;bar;molefraction;1;[Zn(bdc)(ted)0.5]*2DMF*0.2H2O;Ethanol;0.0186335;8.16159;1.0
10.1002adfm.200600944.Isotherm12;303;mmol/g;bar;molefraction;1;[Zn(bdc)(ted)0.5]*2DMF*0.2H2O;Ethanol;0.020521;8.23647;1.0
10.1002adfm.200600944.Isotherm12;303;mmol/g;bar;molefraction;1;[Zn(bdc)(ted)0.5]*2DMF*0.2H2O;Ethanol;0.0223185;8.31139;1.0
10.1002adfm.200600944.Isotherm12;303;mmol/g;bar;molefraction;1;[Zn(bdc)(ted)0.5]*2DMF*0.2H2O;Ethanol;0.0240258;8.43696;1.0
10.1002adfm.200600944.Isotherm12;303;mmol/g;bar;molefraction;1;[Zn(bdc)(ted)0.5]*2DMF*0.2H2O;Ethanol;0.0257336;8.48663;1.0
10.1002adfm.200600944.Isotherm12;303;mmol/g;bar;molefraction;1;[Zn(bdc)(ted)0.5]*2DMF*0.2H2O;Ethanol;0.0276213;8.53621;1.0
10.1002adfm.200600944.Isotherm12;303;mmol/g;bar;molefraction;1;[Zn(bdc)(ted)0.5]*2DMF*0.2H2O;Ethanol;0.029509;8.58578;1.0
10.1002adfm.200600944.Isotherm12;303;mmol/g;bar;molefraction;1;[Zn(bdc)(ted)0.5]*2DMF*0.2H2O;Ethanol;0.0312164;8.68606;1.0
10.1002adfm.200600944.Isotherm12;303;mmol/g;bar;molefraction;1;[Zn(bdc)(ted)0.5]*2DMF*0.2H2O;Ethanol;0.0331041;8.73563;1.0
10.1002adfm.200600944.Isotherm12;303;mmol/g;bar;molefraction;1;[Zn(bdc)(ted)0.5]*2DMF*0.2H2O;Ethanol;0.0349918;8.78521;1.0
10.1002adfm.200600944.Isotherm12;303;mmol/g;bar;molefraction;1;[Zn(bdc)(ted)0.5]*2DMF*0.2H2O;Ethanol;0.0367001;8.78428;1.0
10.1002adfm.200600944.Isotherm12;303;mmol/g;bar;molefraction;1;[Zn(bdc)(ted)0.5]*2DMF*0.2H2O;Ethanol;0.0384077;8.85925;1.0
10.1002adfm.200600944.Isotherm12;303;mmol/g;bar;molefraction;1;[Zn(bdc)(ted)0.5]*2DMF*0.2H2O;Ethanol;0.0402057;8.88358;1.0
10.1002adfm.200600944.Isotherm12;303;mmol/g;bar;molefraction;1;[Zn(bdc)(ted)0.5]*2DMF*0.2H2O;Ethanol;0.0422732;8.93306;1.0
10.1002adfm.200600944.Isotherm12;303;mmol/g;bar;molefraction;1;[Zn(bdc)(ted)0.5]*2DMF*0.2H2O;Ethanol;0.0438911;8.98278;1.0
10.1002adfm.200600944.Isotherm13;313;mmol/g;bar;molefraction;1;[Zn(bdc)(ted)0.5]*2DMF*0.2H2O;Ethanol;0.00341363;0.35234;1.0
10.1002adfm.200600944.Isotherm13;313;mmol/g;bar;molefraction;1;[Zn(bdc)(ted)0.5]*2DMF*0.2H2O;Ethanol;0.00844185;1.15919;1.0
10.1002adfm.200600944.Isotherm13;313;mmol/g;bar;molefraction;1;[Zn(bdc)(ted)0.5]*2DMF*0.2H2O;Ethanol;0.0132808;3.10462;1.0
10.1002adfm.200600944.Isotherm13;313;mmol/g;bar;molefraction;1;[Zn(bdc)(ted)0.5]*2DMF*0.2H2O;Ethanol;0.0177503;6.23932;1.0
10.1002adfm.200600944.Isotherm13;313;mmol/g;bar;molefraction;1;[Zn(bdc)(ted)0.5]*2DMF*0.2H2O;Ethanol;0.0225947;7.52696;1.0
10.1002adfm.200600944.Isotherm13;313;mmol/g;bar;molefraction;1;[Zn(bdc)(ted)0.5]*2DMF*0.2H2O;Ethanol;0.0275368;7.87847;1.0
10.1002adfm.200600944.Isotherm13;313;mmol/g;bar;molefraction;1;[Zn(bdc)(ted)0.5]*2DMF*0.2H2O;Ethanol;0.0322107;8.05303;1.0
10.1002adfm.200600944.Isotherm13;313;mmol/g;bar;molefraction;1;[Zn(bdc)(ted)0.5]*2DMF*0.2H2O;Ethanol;0.0370639;8.2781;1.0
10.1002adfm.200600944.Isotherm13;313;mmol/g;bar;molefraction;1;[Zn(bdc)(ted)0.5]*2DMF*0.2H2O;Ethanol;0.041648;8.42741;1.0
10.1002adfm.200600944.Isotherm13;313;mmol/g;bar;molefraction;1;[Zn(bdc)(ted)0.5]*2DMF*0.2H2O;Ethanol;0.044794;8.5269;1.0
10.1002adfm.200600944.Isotherm14;323;mmol/g;bar;molefraction;1;[Zn(bdc)(ted)0.5]*2DMF*0.2H2O;Ethanol;0.00341509;0.175244;1.0
10.1002adfm.200600944.Isotherm14;323;mmol/g;bar;molefraction;1;[Zn(bdc)(ted)0.5]*2DMF*0.2H2O;Ethanol;0.00835718;0.526756;1.0
10.1002adfm.200600944.Isotherm14;323;mmol/g;bar;molefraction;1;[Zn(bdc)(ted)0.5]*2DMF*0.2H2O;Ethanol;0.0132073;1.13131;1.0
10.1002adfm.200600944.Isotherm14;323;mmol/g;bar;molefraction;1;[Zn(bdc)(ted)0.5]*2DMF*0.2H2O;Ethanol;0.0178756;1.96366;1.0
10.1002adfm.200600944.Isotherm14;323;mmol/g;bar;molefraction;1;[Zn(bdc)(ted)0.5]*2DMF*0.2H2O;Ethanol;0.0227186;3.4284;1.0
10.1002adfm.200600944.Isotherm14;323;mmol/g;bar;molefraction;1;[Zn(bdc)(ted)0.5]*2DMF*0.2H2O;Ethanol;0.0275599;5.09553;1.0
10.1002adfm.200600944.Isotherm14;323;mmol/g;bar;molefraction;1;[Zn(bdc)(ted)0.5]*2DMF*0.2H2O;Ethanol;0.0322243;6.40857;1.0
10.1002adfm.200600944.Isotherm14;323;mmol/g;bar;molefraction;1;[Zn(bdc)(ted)0.5]*2DMF*0.2H2O;Ethanol;0.0369838;7.08907;1.0
10.1002adfm.200600944.Isotherm14;323;mmol/g;bar;molefraction;1;[Zn(bdc)(ted)0.5]*2DMF*0.2H2O;Ethanol;0.0417471;7.31418;1.0
10.1002adfm.200600944.Isotherm14;323;mmol/g;bar;molefraction;1;[Zn(bdc)(ted)0.5]*2DMF*0.2H2O;Ethanol;0.0447123;7.54027;1.0
10.1002adfm.200600944.Isotherm15;333;mmol/g;bar;molefraction;1;[Zn(bdc)(ted)0.5]*2DMF*0.2H2O;Ethanol;0.00368524;0.124499;1.0
10.1002adfm.200600944.Isotherm15;333;mmol/g;bar;molefraction;1;[Zn(bdc)(ted)0.5]*2DMF*0.2H2O;Ethanol;0.00844898;0.299012;1.0
10.1002adfm.200600944.Isotherm15;333;mmol/g;bar;molefraction;1;[Zn(bdc)(ted)0.5]*2DMF*0.2H2O;Ethanol;0.0132125;0.498824;1.0
10.1002adfm.200600944.Isotherm15;333;mmol/g;bar;molefraction;1;[Zn(bdc)(ted)0.5]*2DMF*0.2H2O;Ethanol;0.0178851;0.825182;1.0
10.1002adfm.200600944.Isotherm15;333;mmol/g;bar;molefraction;1;[Zn(bdc)(ted)0.5]*2DMF*0.2H2O;Ethanol;0.0227368;1.22734;1.0
10.1002adfm.200600944.Isotherm15;333;mmol/g;bar;molefraction;1;[Zn(bdc)(ted)0.5]*2DMF*0.2H2O;Ethanol;0.0274972;1.80665;1.0
10.1002adfm.200600944.Isotherm15;333;mmol/g;bar;molefraction;1;[Zn(bdc)(ted)0.5]*2DMF*0.2H2O;Ethanol;0.0322561;2.56305;1.0
10.1002adfm.200600944.Isotherm15;333;mmol/g;bar;molefraction;1;[Zn(bdc)(ted)0.5]*2DMF*0.2H2O;Ethanol;0.037013;3.57244;1.0
10.1002adfm.200600944.Isotherm15;333;mmol/g;bar;molefraction;1;[Zn(bdc)(ted)0.5]*2DMF*0.2H2O;Ethanol;0.0416803;4.53129;1.0
10.1002adfm.200600944.Isotherm15;333;mmol/g;bar;molefraction;1;[Zn(bdc)(ted)0.5]*2DMF*0.2H2O;Ethanol;0.0448208;5.28857;1.0
10.1002adfm.200600944.Isotherm16;343;mmol/g;bar;molefraction;1;[Zn(bdc)(ted)0.5]*2DMF*0.2H2O;Ethanol;0.00315227;0.0757214;1.0
10.1002adfm.200600944.Isotherm16;343;mmol/g;bar;molefraction;1;[Zn(bdc)(ted)0.5]*2DMF*0.2H2O;Ethanol;0.00837601;0.201924;1.0
10.1002adfm.200600944.Isotherm16;343;mmol/g;bar;molefraction;1;[Zn(bdc)(ted)0.5]*2DMF*0.2H2O;Ethanol;0.0132396;0.302886;1.0
10.1002adfm.200600944.Isotherm16;343;mmol/g;bar;molefraction;1;[Zn(bdc)(ted)0.5]*2DMF*0.2H2O;Ethanol;0.0179229;0.429088;1.0
10.1002adfm.200600944.Isotherm16;343;mmol/g;bar;molefraction;1;[Zn(bdc)(ted)0.5]*2DMF*0.2H2O;Ethanol;0.0227863;0.55529;1.0
10.1002adfm.200600944.Isotherm16;343;mmol/g;bar;molefraction;1;[Zn(bdc)(ted)0.5]*2DMF*0.2H2O;Ethanol;0.0274685;0.807695;1.0
10.1002adfm.200600944.Isotherm16;343;mmol/g;bar;molefraction;1;[Zn(bdc)(ted)0.5]*2DMF*0.2H2O;Ethanol;0.032152;0.908657;1.0
10.1002adfm.200600944.Isotherm16;343;mmol/g;bar;molefraction;1;[Zn(bdc)(ted)0.5]*2DMF*0.2H2O;Ethanol;0.0371036;1.26202;1.0
10.1002adfm.200600944.Isotherm16;343;mmol/g;bar;molefraction;1;[Zn(bdc)(ted)0.5]*2DMF*0.2H2O;Ethanol;0.0416955;1.53967;1.0
10.1002adfm.200600944.Isotherm16;343;mmol/g;bar;molefraction;1;[Zn(bdc)(ted)0.5]*2DMF*0.2H2O;Ethanol;0.0446659;1.81731;1.0
10.1002adfm.200600944.Isotherm17;353;mmol/g;bar;molefraction;1;[Zn(bdc)(ted)0.5]*2DMF*0.2H2O;Ethanol;0.00333264;0.0504809;1.0
10.1002adfm.200600944.Isotherm17;353;mmol/g;bar;molefraction;1;[Zn(bdc)(ted)0.5]*2DMF*0.2H2O;Ethanol;0.00837664;0.126202;1.0
10.1002adfm.200600944.Isotherm17;353;mmol/g;bar;molefraction;1;[Zn(bdc)(ted)0.5]*2DMF*0.2H2O;Ethanol;0.0131502;0.227164;1.0
10.1002adfm.200600944.Isotherm17;353;mmol/g;bar;molefraction;1;[Zn(bdc)(ted)0.5]*2DMF*0.2H2O;Ethanol;0.017744;0.277645;1.0
10.1002adfm.200600944.Isotherm17;353;mmol/g;bar;molefraction;1;[Zn(bdc)(ted)0.5]*2DMF*0.2H2O;Ethanol;0.0226977;0.378607;1.0
10.1002adfm.200600944.Isotherm17;353;mmol/g;bar;molefraction;1;[Zn(bdc)(ted)0.5]*2DMF*0.2H2O;Ethanol;0.0274717;0.429088;1.0
10.1002adfm.200600944.Isotherm17;353;mmol/g;bar;molefraction;1;[Zn(bdc)(ted)0.5]*2DMF*0.2H2O;Ethanol;0.0321551;0.53005;1.0
10.1002adfm.200600944.Isotherm17;353;mmol/g;bar;molefraction;1;[Zn(bdc)(ted)0.5]*2DMF*0.2H2O;Ethanol;0.0370183;0.681493;1.0
10.1002adfm.200600944.Isotherm17;353;mmol/g;bar;molefraction;1;[Zn(bdc)(ted)0.5]*2DMF*0.2H2O;Ethanol;0.0416117;0.782454;1.0
10.1002adfm.200600944.Isotherm17;353;mmol/g;bar;molefraction;1;[Zn(bdc)(ted)0.5]*2DMF*0.2H2O;Ethanol;0.0448543;0.832935;1.0
10.1002adfm.200600944.Isotherm18;303;mmol/g;bar;molefraction;1;[Zn(bdc)(ted)0.5]*2DMF*0.2H2O;Dimethyl ether;0.0061005;0.455581;1.0
10.1002adfm.200600944.Isotherm18;303;mmol/g;bar;molefraction;1;[Zn(bdc)(ted)0.5]*2DMF*0.2H2O;Dimethyl ether;0.00903937;1.46765;1.0
10.1002adfm.200600944.Isotherm18;303;mmol/g;bar;molefraction;1;[Zn(bdc)(ted)0.5]*2DMF*0.2H2O;Dimethyl ether;0.0180895;2.8594;1.0
10.1002adfm.200600944.Isotherm18;303;mmol/g;bar;molefraction;1;[Zn(bdc)(ted)0.5]*2DMF*0.2H2O;Dimethyl ether;0.0271936;3.87166;1.0
10.1002adfm.200600944.Isotherm18;303;mmol/g;bar;molefraction;1;[Zn(bdc)(ted)0.5]*2DMF*0.2H2O;Dimethyl ether;0.0409143;4.93467;1.0
10.1002adfm.200600944.Isotherm18;303;mmol/g;bar;molefraction;1;[Zn(bdc)(ted)0.5]*2DMF*0.2H2O;Dimethyl ether;0.0654277;5.97272;1.0
10.1002adfm.200600944.Isotherm18;303;mmol/g;bar;molefraction;1;[Zn(bdc)(ted)0.5]*2DMF*0.2H2O;Dimethyl ether;0.0946044;6.73262;1.0
10.1002adfm.200600944.Isotherm18;303;mmol/g;bar;molefraction;1;[Zn(bdc)(ted)0.5]*2DMF*0.2H2O;Dimethyl ether;0.151524;7.4934;1.0
10.1002adfm.200600944.Isotherm18;303;mmol/g;bar;molefraction;1;[Zn(bdc)(ted)0.5]*2DMF*0.2H2O;Dimethyl ether;0.206957;7.87465;1.0
10.1002adfm.200600944.Isotherm18;303;mmol/g;bar;molefraction;1;[Zn(bdc)(ted)0.5]*2DMF*0.2H2O;Dimethyl ether;0.262411;8.1041;1.0
10.1002adfm.200600944.Isotherm18;303;mmol/g;bar;molefraction;1;[Zn(bdc)(ted)0.5]*2DMF*0.2H2O;Dimethyl ether;0.317876;8.25765;1.0
10.1002adfm.200600944.Isotherm18;303;mmol/g;bar;molefraction;1;[Zn(bdc)(ted)0.5]*2DMF*0.2H2O;Dimethyl ether;0.37489;8.36065;1.0
10.1002adfm.200600944.Isotherm18;303;mmol/g;bar;molefraction;1;[Zn(bdc)(ted)0.5]*2DMF*0.2H2O;Dimethyl ether;0.431896;8.51425;1.0
10.1002adfm.200600944.Isotherm18;303;mmol/g;bar;molefraction;1;[Zn(bdc)(ted)0.5]*2DMF*0.2H2O;Dimethyl ether;0.488906;8.64255;1.0
10.1002adfm.200600944.Isotherm18;303;mmol/g;bar;molefraction;1;[Zn(bdc)(ted)0.5]*2DMF*0.2H2O;Dimethyl ether;0.542844;8.69485;1.0
10.1002adfm.200600944.Isotherm18;303;mmol/g;bar;molefraction;1;[Zn(bdc)(ted)0.5]*2DMF*0.2H2O;Dimethyl ether;0.599857;8.79785;1.0
10.1002adfm.200600944.Isotherm18;303;mmol/g;bar;molefraction;1;[Zn(bdc)(ted)0.5]*2DMF*0.2H2O;Dimethyl ether;0.65534;8.8249;1.0
10.1002adfm.200600944.Isotherm18;303;mmol/g;bar;molefraction;1;[Zn(bdc)(ted)0.5]*2DMF*0.2H2O;Dimethyl ether;0.71082;8.87726;1.0
10.1002adfm.200600944.Isotherm19;318;mmol/g;bar;molefraction;1;[Zn(bdc)(ted)0.5]*2DMF*0.2H2O;Dimethyl ether;0.00760946;0.683323;1.0
10.1002adfm.200600944.Isotherm19;318;mmol/g;bar;molefraction;1;[Zn(bdc)(ted)0.5]*2DMF*0.2H2O;Dimethyl ether;0.0136776;1.3666;1.0
10.1002adfm.200600944.Isotherm19;318;mmol/g;bar;molefraction;1;[Zn(bdc)(ted)0.5]*2DMF*0.2H2O;Dimethyl ether;0.0350617;2.73344;1.0
10.1002adfm.200600944.Isotherm19;318;mmol/g;bar;molefraction;1;[Zn(bdc)(ted)0.5]*2DMF*0.2H2O;Dimethyl ether;0.0580338;3.77144;1.0
10.1002adfm.200600944.Isotherm19;318;mmol/g;bar;molefraction;1;[Zn(bdc)(ted)0.5]*2DMF*0.2H2O;Dimethyl ether;0.0933434;4.75923;1.0
10.1002adfm.200600944.Isotherm19;318;mmol/g;bar;molefraction;1;[Zn(bdc)(ted)0.5]*2DMF*0.2H2O;Dimethyl ether;0.151729;6.05135;1.0
10.1002adfm.200600944.Isotherm19;318;mmol/g;bar;molefraction;1;[Zn(bdc)(ted)0.5]*2DMF*0.2H2O;Dimethyl ether;0.207133;6.63498;1.0
10.1002adfm.200600944.Isotherm19;318;mmol/g;bar;molefraction;1;[Zn(bdc)(ted)0.5]*2DMF*0.2H2O;Dimethyl ether;0.262562;7.04153;1.0
10.1002adfm.200600944.Isotherm19;318;mmol/g;bar;molefraction;1;[Zn(bdc)(ted)0.5]*2DMF*0.2H2O;Dimethyl ether;0.318013;7.29627;1.0
10.1002adfm.200600944.Isotherm19;318;mmol/g;bar;molefraction;1;[Zn(bdc)(ted)0.5]*2DMF*0.2H2O;Dimethyl ether;0.376557;7.47522;1.0
10.1002adfm.200600944.Isotherm19;318;mmol/g;bar;molefraction;1;[Zn(bdc)(ted)0.5]*2DMF*0.2H2O;Dimethyl ether;0.432014;7.67937;1.0
10.1002adfm.200600944.Isotherm19;318;mmol/g;bar;molefraction;1;[Zn(bdc)(ted)0.5]*2DMF*0.2H2O;Dimethyl ether;0.485942;7.80757;1.0
10.1002adfm.200600944.Isotherm19;318;mmol/g;bar;molefraction;1;[Zn(bdc)(ted)0.5]*2DMF*0.2H2O;Dimethyl ether;0.542952;7.93587;1.0
10.1002adfm.200600944.Isotherm19;318;mmol/g;bar;molefraction;1;[Zn(bdc)(ted)0.5]*2DMF*0.2H2O;Dimethyl ether;0.653899;8.11648;1.0
10.1002adfm.200600944.Isotherm19;318;mmol/g;bar;molefraction;1;[Zn(bdc)(ted)0.5]*2DMF*0.2H2O;Dimethyl ether;0.709375;8.19413;1.0
10.1002adfm.200600944.Isotherm2;77;wt%;bar;molefraction;1;[Cu(bdc)(ted)0.5]*2 DMF*0.2H2O;Hydrogen;0.0139074;0.0491228;1.0
10.1002adfm.200600944.Isotherm2;77;wt%;bar;molefraction;1;[Cu(bdc)(ted)0.5]*2 DMF*0.2H2O;Hydrogen;0.0258279;0.116667;1.0
10.1002adfm.200600944.Isotherm2;77;wt%;bar;molefraction;1;[Cu(bdc)(ted)0.5]*2 DMF*0.2H2O;Hydrogen;0.0516559;0.17807;1.0
10.1002adfm.200600944.Isotherm2;77;wt%;bar;molefraction;1;[Cu(bdc)(ted)0.5]*2 DMF*0.2H2O;Hydrogen;0.0754971;0.264035;1.0
10.1002adfm.200600944.Isotherm2;77;wt%;bar;molefraction;1;[Cu(bdc)(ted)0.5]*2 DMF*0.2H2O;Hydrogen;0.0993382;0.337719;1.0
10.1002adfm.200600944.Isotherm2;77;wt%;bar;molefraction;1;[Cu(bdc)(ted)0.5]*2 DMF*0.2H2O;Hydrogen;0.127153;0.399123;1.0
10.1002adfm.200600944.Isotherm2;77;wt%;bar;molefraction;1;[Cu(bdc)(ted)0.5]*2 DMF*0.2H2O;Hydrogen;0.176822;0.52807;1.0
10.1002adfm.200600944.Isotherm2;77;wt%;bar;molefraction;1;[Cu(bdc)(ted)0.5]*2 DMF*0.2H2O;Hydrogen;0.226491;0.657018;1.0
10.1002adfm.200600944.Isotherm2;77;wt%;bar;molefraction;1;[Cu(bdc)(ted)0.5]*2 DMF*0.2H2O;Hydrogen;0.254306;0.718421;1.0
10.1002adfm.200600944.Isotherm2;77;wt%;bar;molefraction;1;[Cu(bdc)(ted)0.5]*2 DMF*0.2H2O;Hydrogen;0.278147;0.779825;1.0
10.1002adfm.200600944.Isotherm2;77;wt%;bar;molefraction;1;[Cu(bdc)(ted)0.5]*2 DMF*0.2H2O;Hydrogen;0.305962;0.828947;1.0
10.1002adfm.200600944.Isotherm2;77;wt%;bar;molefraction;1;[Cu(bdc)(ted)0.5]*2 DMF*0.2H2O;Hydrogen;0.329803;0.884211;1.0
10.1002adfm.200600944.Isotherm2;77;wt%;bar;molefraction;1;[Cu(bdc)(ted)0.5]*2 DMF*0.2H2O;Hydrogen;0.353644;0.933333;1.0
10.1002adfm.200600944.Isotherm2;77;wt%;bar;molefraction;1;[Cu(bdc)(ted)0.5]*2 DMF*0.2H2O;Hydrogen;0.381459;0.988596;1.0
10.1002adfm.200600944.Isotherm2;77;wt%;bar;molefraction;1;[Cu(bdc)(ted)0.5]*2 DMF*0.2H2O;Hydrogen;0.4053;1.02544;1.0
10.1002adfm.200600944.Isotherm2;77;wt%;bar;molefraction;1;[Cu(bdc)(ted)0.5]*2 DMF*0.2H2O;Hydrogen;0.433115;1.07456;1.0
10.1002adfm.200600944.Isotherm2;77;wt%;bar;molefraction;1;[Cu(bdc)(ted)0.5]*2 DMF*0.2H2O;Hydrogen;0.458943;1.12368;1.0
10.1002adfm.200600944.Isotherm2;77;wt%;bar;molefraction;1;[Cu(bdc)(ted)0.5]*2 DMF*0.2H2O;Hydrogen;0.484771;1.16053;1.0
10.1002adfm.200600944.Isotherm2;77;wt%;bar;molefraction;1;[Cu(bdc)(ted)0.5]*2 DMF*0.2H2O;Hydrogen;0.508612;1.20965;1.0
10.1002adfm.200600944.Isotherm2;77;wt%;bar;molefraction;1;[Cu(bdc)(ted)0.5]*2 DMF*0.2H2O;Hydrogen;0.536426;1.24649;1.0
10.1002adfm.200600944.Isotherm2;77;wt%;bar;molefraction;1;[Cu(bdc)(ted)0.5]*2 DMF*0.2H2O;Hydrogen;0.560268;1.28333;1.0
10.1002adfm.200600944.Isotherm2;77;wt%;bar;molefraction;1;[Cu(bdc)(ted)0.5]*2 DMF*0.2H2O;Hydrogen;0.584109;1.32632;1.0
10.1002adfm.200600944.Isotherm2;77;wt%;bar;molefraction;1;[Cu(bdc)(ted)0.5]*2 DMF*0.2H2O;Hydrogen;0.609937;1.35702;1.0
10.1002adfm.200600944.Isotherm2;77;wt%;bar;molefraction;1;[Cu(bdc)(ted)0.5]*2 DMF*0.2H2O;Hydrogen;0.635765;1.39386;1.0
10.1002adfm.200600944.Isotherm2;77;wt%;bar;molefraction;1;[Cu(bdc)(ted)0.5]*2 DMF*0.2H2O;Hydrogen;0.663579;1.4307;1.0
10.1002adfm.200600944.Isotherm2;77;wt%;bar;molefraction;1;[Cu(bdc)(ted)0.5]*2 DMF*0.2H2O;Hydrogen;0.685434;1.46754;1.0
10.1002adfm.200600944.Isotherm2;77;wt%;bar;molefraction;1;[Cu(bdc)(ted)0.5]*2 DMF*0.2H2O;Hydrogen;0.73709;1.53509;1.0
10.1002adfm.200600944.Isotherm2;77;wt%;bar;molefraction;1;[Cu(bdc)(ted)0.5]*2 DMF*0.2H2O;Hydrogen;0.758944;1.56579;1.0
10.1002adfm.200600944.Isotherm2;77;wt%;bar;molefraction;1;[Cu(bdc)(ted)0.5]*2 DMF*0.2H2O;Hydrogen;0.786759;1.59649;1.0
10.1002adfm.200600944.Isotherm2;77;wt%;bar;molefraction;1;[Cu(bdc)(ted)0.5]*2 DMF*0.2H2O;Hydrogen;0.834441;1.65175;1.0
10.1002adfm.200600944.Isotherm2;77;wt%;bar;molefraction;1;[Cu(bdc)(ted)0.5]*2 DMF*0.2H2O;Hydrogen;0.862256;1.67632;1.0
10.1002adfm.200600944.Isotherm2;77;wt%;bar;molefraction;1;[Cu(bdc)(ted)0.5]*2 DMF*0.2H2O;Hydrogen;0.890071;1.70702;1.0
10.1002adfm.200600944.Isotherm2;77;wt%;bar;molefraction;1;[Cu(bdc)(ted)0.5]*2 DMF*0.2H2O;Hydrogen;0.941726;1.75614;1.0
10.1002adfm.200600944.Isotherm2;77;wt%;bar;molefraction;1;[Cu(bdc)(ted)0.5]*2 DMF*0.2H2O;Hydrogen;0.965568;1.7807;1.0
10.1002adfm.200600944.Isotherm2;77;wt%;bar;molefraction;1;[Cu(bdc)(ted)0.5]*2 DMF*0.2H2O;Hydrogen;0.991396;1.8114;1.0
10.1002adfm.200600944.Isotherm2;77;wt%;bar;molefraction;1;[Cu(bdc)(ted)0.5]*2 DMF*0.2H2O;Hydrogen;1.00729;1.82368;1.0
10.1002adfm.200600944.Isotherm20;323;mmol/g;bar;molefraction;1;[Zn(bdc)(ted)0.5]*2DMF*0.2H2O;Dimethyl ether;0.0106992;0.632822;1.0
10.1002adfm.200600944.Isotherm20;323;mmol/g;bar;molefraction;1;[Zn(bdc)(ted)0.5]*2DMF*0.2H2O;Dimethyl ether;0.0229038;1.51869;1.0
10.1002adfm.200600944.Isotherm20;323;mmol/g;bar;molefraction;1;[Zn(bdc)(ted)0.5]*2DMF*0.2H2O;Dimethyl ether;0.0504674;2.78453;1.0
10.1002adfm.200600944.Isotherm20;323;mmol/g;bar;molefraction;1;[Zn(bdc)(ted)0.5]*2DMF*0.2H2O;Dimethyl ether;0.0949817;4.0762;1.0
10.1002adfm.200600944.Isotherm20;323;mmol/g;bar;molefraction;1;[Zn(bdc)(ted)0.5]*2DMF*0.2H2O;Dimethyl ether;0.15336;5.41891;1.0
10.1002adfm.200600944.Isotherm20;323;mmol/g;bar;molefraction;1;[Zn(bdc)(ted)0.5]*2DMF*0.2H2O;Dimethyl ether;0.182595;5.77403;1.0
10.1002adfm.200600944.Isotherm20;323;mmol/g;bar;molefraction;1;[Zn(bdc)(ted)0.5]*2DMF*0.2H2O;Dimethyl ether;0.211814;6.23034;1.0
10.1002adfm.200600944.Isotherm20;323;mmol/g;bar;molefraction;1;[Zn(bdc)(ted)0.5]*2DMF*0.2H2O;Dimethyl ether;0.271875;6.58643;1.0
10.1002adfm.200600944.Isotherm20;323;mmol/g;bar;molefraction;1;[Zn(bdc)(ted)0.5]*2DMF*0.2H2O;Dimethyl ether;0.328845;6.99302;1.0
10.1002adfm.200600944.Isotherm20;323;mmol/g;bar;molefraction;1;[Zn(bdc)(ted)0.5]*2DMF*0.2H2O;Dimethyl ether;0.388934;7.14672;1.0
10.1002adfm.200600944.Isotherm20;323;mmol/g;bar;molefraction;1;[Zn(bdc)(ted)0.5]*2DMF*0.2H2O;Dimethyl ether;0.415118;7.27405;1.0
10.1002adfm.200600944.Isotherm20;323;mmol/g;bar;molefraction;1;[Zn(bdc)(ted)0.5]*2DMF*0.2H2O;Dimethyl ether;0.447471;7.37627;1.0
10.1002adfm.200600944.Isotherm20;323;mmol/g;bar;molefraction;1;[Zn(bdc)(ted)0.5]*2DMF*0.2H2O;Dimethyl ether;0.50757;7.45407;1.0
10.1002adfm.200600944.Isotherm20;323;mmol/g;bar;molefraction;1;[Zn(bdc)(ted)0.5]*2DMF*0.2H2O;Dimethyl ether;0.564576;7.60766;1.0
10.1002adfm.200600944.Isotherm20;323;mmol/g;bar;molefraction;1;[Zn(bdc)(ted)0.5]*2DMF*0.2H2O;Dimethyl ether;0.623135;7.68541;1.0
10.1002adfm.200600944.Isotherm20;323;mmol/g;bar;molefraction;1;[Zn(bdc)(ted)0.5]*2DMF*0.2H2O;Dimethyl ether;0.683231;7.78851;1.0
10.1002adfm.200600944.Isotherm20;323;mmol/g;bar;molefraction;1;[Zn(bdc)(ted)0.5]*2DMF*0.2H2O;Dimethyl ether;0.717139;7.78959;1.0
10.1002adfm.200600944.Isotherm20;323;mmol/g;bar;molefraction;1;[Zn(bdc)(ted)0.5]*2DMF*0.2H2O;Dimethyl ether;0.741796;7.81566;1.0
10.1002adfm.200600944.Isotherm21;333;mmol/g;bar;molefraction;1;[Zn(bdc)(ted)0.5]*2DMF*0.2H2O;Dimethyl ether;0.0920931;2.70994;1.0
10.1002adfm.200600944.Isotherm21;333;mmol/g;bar;molefraction;1;[Zn(bdc)(ted)0.5]*2DMF*0.2H2O;Dimethyl ether;0.151995;4.1792;1.0
10.1002adfm.200600944.Isotherm21;333;mmol/g;bar;molefraction;1;[Zn(bdc)(ted)0.5]*2DMF*0.2H2O;Dimethyl ether;0.207349;5.11703;1.0
10.1002adfm.200600944.Isotherm21;333;mmol/g;bar;molefraction;1;[Zn(bdc)(ted)0.5]*2DMF*0.2H2O;Dimethyl ether;0.264283;5.77661;1.0
10.1002adfm.200600944.Isotherm21;333;mmol/g;bar;molefraction;1;[Zn(bdc)(ted)0.5]*2DMF*0.2H2O;Dimethyl ether;0.318182;6.10721;1.0
10.1002adfm.200600944.Isotherm21;333;mmol/g;bar;molefraction;1;[Zn(bdc)(ted)0.5]*2DMF*0.2H2O;Dimethyl ether;0.3767;6.46325;1.0
10.1002adfm.200600944.Isotherm21;333;mmol/g;bar;molefraction;1;[Zn(bdc)(ted)0.5]*2DMF*0.2H2O;Dimethyl ether;0.43061;6.71795;1.0
10.1002adfm.200600944.Isotherm21;333;mmol/g;bar;molefraction;1;[Zn(bdc)(ted)0.5]*2DMF*0.2H2O;Dimethyl ether;0.489157;6.8716;1.0
10.1002adfm.200600944.Isotherm21;333;mmol/g;bar;molefraction;1;[Zn(bdc)(ted)0.5]*2DMF*0.2H2O;Dimethyl ether;0.543088;6.9745;1.0
10.1002adfm.200600944.Isotherm21;333;mmol/g;bar;molefraction;1;[Zn(bdc)(ted)0.5]*2DMF*0.2H2O;Dimethyl ether;0.598553;7.12805;1.0
10.1002adfm.200600944.Isotherm21;333;mmol/g;bar;molefraction;1;[Zn(bdc)(ted)0.5]*2DMF*0.2H2O;Dimethyl ether;0.655563;7.25635;1.0
10.1002adfm.200600944.Isotherm21;333;mmol/g;bar;molefraction;1;[Zn(bdc)(ted)0.5]*2DMF*0.2H2O;Dimethyl ether;0.711039;7.334;1.0
10.1002adfm.200600944.Isotherm22;343;mmol/g;bar;molefraction;1;[Zn(bdc)(ted)0.5]*2DMF*0.2H2O;Dimethyl ether;0.0937601;1.82452;1.0
10.1002adfm.200600944.Isotherm22;343;mmol/g;bar;molefraction;1;[Zn(bdc)(ted)0.5]*2DMF*0.2H2O;Dimethyl ether;0.152157;3.04074;1.0
10.1002adfm.200600944.Isotherm22;343;mmol/g;bar;molefraction;1;[Zn(bdc)(ted)0.5]*2DMF*0.2H2O;Dimethyl ether;0.212113;4.1305;1.0
10.1002adfm.200600944.Isotherm22;343;mmol/g;bar;molefraction;1;[Zn(bdc)(ted)0.5]*2DMF*0.2H2O;Dimethyl ether;0.269047;4.79009;1.0
10.1002adfm.200600944.Isotherm22;343;mmol/g;bar;molefraction;1;[Zn(bdc)(ted)0.5]*2DMF*0.2H2O;Dimethyl ether;0.329075;5.37387;1.0
10.1002adfm.200600944.Isotherm22;343;mmol/g;bar;molefraction;1;[Zn(bdc)(ted)0.5]*2DMF*0.2H2O;Dimethyl ether;0.389131;5.75526;1.0
10.1002adfm.200600944.Isotherm22;343;mmol/g;bar;molefraction;1;[Zn(bdc)(ted)0.5]*2DMF*0.2H2O;Dimethyl ether;0.447661;6.03541;1.0
10.1002adfm.200600944.Isotherm22;343;mmol/g;bar;molefraction;1;[Zn(bdc)(ted)0.5]*2DMF*0.2H2O;Dimethyl ether;0.506201;6.23965;1.0
10.1002adfm.200600944.Isotherm22;343;mmol/g;bar;molefraction;1;[Zn(bdc)(ted)0.5]*2DMF*0.2H2O;Dimethyl ether;0.566294;6.36805;1.0
10.1002adfm.200600944.Isotherm22;343;mmol/g;bar;molefraction;1;[Zn(bdc)(ted)0.5]*2DMF*0.2H2O;Dimethyl ether;0.624834;6.5723;1.0
10.1002adfm.200600944.Isotherm22;343;mmol/g;bar;molefraction;1;[Zn(bdc)(ted)0.5]*2DMF*0.2H2O;Dimethyl ether;0.68031;6.64995;1.0
10.1002adfm.200600944.Isotherm22;343;mmol/g;bar;molefraction;1;[Zn(bdc)(ted)0.5]*2DMF*0.2H2O;Dimethyl ether;0.741944;6.7784;1.0
10.1002adfm.200600944.Isotherm23;353;mmol/g;bar;molefraction;1;[Zn(bdc)(ted)0.5]*2DMF*0.2H2O;Dimethyl ether;0.0922835;1.36908;1.0
10.1002adfm.200600944.Isotherm23;353;mmol/g;bar;molefraction;1;[Zn(bdc)(ted)0.5]*2DMF*0.2H2O;Dimethyl ether;0.152275;2.20586;1.0
10.1002adfm.200600944.Isotherm23;353;mmol/g;bar;molefraction;1;[Zn(bdc)(ted)0.5]*2DMF*0.2H2O;Dimethyl ether;0.206088;3.14364;1.0
10.1002adfm.200600944.Isotherm23;353;mmol/g;bar;molefraction;1;[Zn(bdc)(ted)0.5]*2DMF*0.2H2O;Dimethyl ether;0.263011;3.87912;1.0
10.1002adfm.200600944.Isotherm23;353;mmol/g;bar;molefraction;1;[Zn(bdc)(ted)0.5]*2DMF*0.2H2O;Dimethyl ether;0.31843;4.36156;1.0
10.1002adfm.200600944.Isotherm23;353;mmol/g;bar;molefraction;1;[Zn(bdc)(ted)0.5]*2DMF*0.2H2O;Dimethyl ether;0.37693;4.8441;1.0
10.1002adfm.200600944.Isotherm24;368;mmol/g;bar;molefraction;1;[Zn(bdc)(ted)0.5]*2DMF*0.2H2O;Dimethyl ether;0.0939146;0.736652;1.0
10.1002adfm.200600944.Isotherm24;368;mmol/g;bar;molefraction;1;[Zn(bdc)(ted)0.5]*2DMF*0.2H2O;Dimethyl ether;0.153932;1.39633;1.0
10.1002adfm.200600944.Isotherm24;368;mmol/g;bar;molefraction;1;[Zn(bdc)(ted)0.5]*2DMF*0.2H2O;Dimethyl ether;0.212418;1.98007;1.0
10.1002adfm.200600944.Isotherm24;368;mmol/g;bar;molefraction;1;[Zn(bdc)(ted)0.5]*2DMF*0.2H2O;Dimethyl ether;0.270908;2.5385;1.0
10.1002adfm.200600944.Isotherm24;368;mmol/g;bar;molefraction;1;[Zn(bdc)(ted)0.5]*2DMF*0.2H2O;Dimethyl ether;0.330939;3.09699;1.0
10.1002adfm.200600944.Isotherm24;368;mmol/g;bar;molefraction;1;[Zn(bdc)(ted)0.5]*2DMF*0.2H2O;Dimethyl ether;0.389444;3.55423;1.0
10.1002adfm.200600944.Isotherm24;368;mmol/g;bar;molefraction;1;[Zn(bdc)(ted)0.5]*2DMF*0.2H2O;Dimethyl ether;0.446407;4.01142;1.0
10.1002adfm.200600944.Isotherm24;368;mmol/g;bar;molefraction;1;[Zn(bdc)(ted)0.5]*2DMF*0.2H2O;Dimethyl ether;0.506467;4.36751;1.0
10.1002adfm.200600944.Isotherm24;368;mmol/g;bar;molefraction;1;[Zn(bdc)(ted)0.5]*2DMF*0.2H2O;Dimethyl ether;0.565008;4.57175;1.0
10.1002adfm.200600944.Isotherm24;368;mmol/g;bar;molefraction;1;[Zn(bdc)(ted)0.5]*2DMF*0.2H2O;Dimethyl ether;0.623544;4.8013;1.0
10.1002adfm.200600944.Isotherm24;368;mmol/g;bar;molefraction;1;[Zn(bdc)(ted)0.5]*2DMF*0.2H2O;Dimethyl ether;0.682077;5.05615;1.0
10.1002adfm.200600944.Isotherm24;368;mmol/g;bar;molefraction;1;[Zn(bdc)(ted)0.5]*2DMF*0.2H2O;Dimethyl ether;0.743718;5.13399;1.0
